tags,Chinese_tags,config1,config2,config3,config4,config5,config6,config7,config8,config9,config10,config11,config12,config13,config14
time_stamp,时间,sequence_time,TimeStamp,iIndex,.iIndex,Data And Time,recTime,时间,timestamp,grTime,Time,1,1,1,1
ioperation_mode,运行模式,iOperationMode,giWindTurbineOperationMode,iTurbineOperationMode,giTurbineOperationMode,GVL_OP_gS_OP_giOperationMode,rOperationMode,grOperationMode,giOperationMode,1,1,1,1,1,1
wind_speed,风速,sequence_wind_speed,grWindSpeed_IEC,grWindSpeed,wind_speed,GVL_WWIN_Main_Swin_grWindSpeed,rWindSpeed,1,1,1,1,1,1,1,1
wind_speed1,风速1,sequence_wind_speed1,rWindSpeed1,.rWindSpeed1,GVL_g_gsWindSpeed_grWindSpeed,grWindSpeed1,GVL_WWIN_Main_Swin_grWindSpeed1,1,1,1,1,1,1,1,1
wind_speed2,风速2,sequence_wind_speed2,rWindSpeed2,.rWindSpeed2,grWindSpeed2,GVL_WWIN_Main_Swin_grWindSpeed2,1,1,1,1,1,1,1,1,1
wind_direction1,风向1,rWindDirection1,GVL_WWIN_Main_Swin_grWindDirection,grWindDirection1,1,1,1,1,1,1,1,1,1,1,1
wind_direction2,风向2,rWindDirection2,GVL_WWIN_Main_Swin_grWindDirection2,grWindDirection3,1,1,1,1,1,1,1,1,1,1,1
wind_turbulence,湍流,rWindTurbulence,rWindTurbulence,.rWindTurbulence,Q_BK_S_VsprStdTurbulence,Q_Plc_VsprStdTurbulence,GVL_WWIN_Main_Swin_grWindTurbulence,1,1,1,1,1,1,1,1
wind_direction,风向,grVaneDirection,rWindDirection,grWindDirection,1,1,1,1,1,1,1,1,1,1,1
active_power,有功功率,sequence_active_power,grCAN_ActivePower,rGridActivePower,rConverterGridActivePower,.rGridActivePower,.rConverterGridActivePower,GVL_g_gsGrid_grGridActivePower,grid_active_power,grGridActivePower,GVL_WGRI_Main_Sgri_grGridReactivePower,rGridActivePower,1,1,1
reactive_power,无功功率,sequence_reactive_power,grCAN_ReactivePower,rGridReactivePower,rConverterGridReactivePower,.rGridReactivePower,.rConverterGridReactivePower,GVL_g_gsGrid_grGridReactivePower,grGridReactivePower,1,1,1,1,1,1
pitch_angle1,桨叶1角度,sequence_pitch_angle_1,grPitchAngleBlade1,rPitchPosition1,rAxisMotorPosition1,.rPitchPosition1,GVL_g_gsPitch_grAxisMotorPosition1,grAxisMotorPosition1,grPitchAngleBlade1,GVL_WPIT_Main_Spit_grPitchPosition1,"grPitchAngle1A
","rPitch1
",pitch_angle_1,grPitchPosition1,rPitchAngle1A
pitch_angle2,桨叶2角度,sequence_pitch_angle_2,grPitchAngleBlade2,rPitchPosition2,rAxisMotorPosition2,.rPitchPosition2,GVL_g_gsPitch_grAxisMotorPosition2,grAxisMotorPosition2,grPitchAngleBlade2,GVL_WPIT_Main_Spit_grPitchPosition2,grPitchAngle2A,rPitch2,pitch_angle_2,grPitchPosition2,rPitchAngle2A
pitch_angle3,桨叶3角度,sequence_pitch_angle_3,grPitchAngleBlade3,rPitchPosition3,rAxisMotorPosition3,.rPitchPosition3,GVL_g_gsPitch_grAxisMotorPosition3,grAxisMotorPosition3,grPitchAngleBlade3,GVL_WPIT_Main_Spit_grPitchPosition3,grPitchAngle3A,rPitch3,pitch_angle_3,grPitchPosition3,rPitchAngle3A
pitch_position_setpoint,桨叶角度设定值,GVL_WPIT_Main_Spit_grPitchPositionSetpoint,rPitchPositionSetpoint,grPitchPositionSetpoint,grPitchAngle_SetValueBlade1,1,1,1,1,1,1,1,1,1,1
pitch_speed1,桨叶1速度,rAxisPitchSpeed1,GVL_g_gsPitch_grAxisPitchSpeed1,grPitchSpeed1,rPitchSpeed1,GVL_WPIT_Main_Spit_grAxisPitchSpeed1,pitch_speed_1,1,1,1,1,1,1,1,1
pitch_speed2,桨叶2速度,rAxisPitchSpeed2,GVL_g_gsPitch_grAxisPitchSpeed2,grPitchSpeed2,rPitchSpeed2,GVL_WPIT_Main_Spit_grAxisPitchSpeed2,pitch_speed_2,1,1,1,1,1,1,1,1
pitch_speed3,桨叶3速度,rAxisPitchSpeed3,GVL_g_gsPitch_grAxisPitchSpeed3,grPitchSpeed3,rPitchSpeed3,GVL_WPIT_Main_Spit_grAxisPitchSpeed3,pitch_speed_3,1,1,1,1,1,1,1,1
pitch_speed,桨叶速度,pitch_speed,sequence_pitch_speed,grPitchSpeed,1,1,1,1,1,1,1,1,1,1,1
pitch_motor_current1,桨叶1电机电流,grPitchMotorCurrent1,rAxisMotorCurrent1,grBladeMotorCurrent1,grBlade1MotorCurrent,GVL_WPIT_Main_Spit_grAxisMotorCurrent1,"PitchMotorCurrent1
",grAxisMotorCurrent1,1,1,1,1,1,1,1
pitch_motor_current2,桨叶2电机电流,grPitchMotorCurrent2,rAxisMotorCurrent2,grBladeMotorCurrent2,grBlade2MotorCurrent,GVL_WPIT_Main_Spit_grAxisMotorCurrent2,PitchMotorCurrent2,grAxisMotorCurrent2,1,1,1,1,1,1,1
pitch_motor_current3,桨叶3电机电流,grPitchMotorCurrent3,rAxisMotorCurrent3,grBladeMotorCurrent3,grBlade3MotorCurrent,GVL_WPIT_Main_Spit_grAxisMotorCurrent3,PitchMotorCurrent3,grAxisMotorCurrent3,1,1,1,1,1,1,1
pitch_normal_switch,桨叶切换成正常开关,bSwitchPitchToNormal,1,1,1,1,1,1,1,1,1,1,1,1,1
rotor_speed,叶轮转速,sequence_rotor_speed,grRotorSpeedPDM,grRotorSpeedPDM_1sec,rRotorSpeed,.rRotorSpeed,GVL_g_gsRotor_grRotorSpeed,speed_rotor,GVL_WROT_Main_Srot_grRotorSpeed,grRotorSpeed,1,1,1,1,1
rotor_speed_filter,叶轮滤波转速,grRotorSpeedPDM_Filter,1,1,1,1,1,1,1,1,1,1,1,1,1
grRotorSpeedFormSpeedRelay1,转子转速(超速继电器1),grRotorSpeedFormSpeedRelay1,rRotorSpeedFormSpeedRelay1,1,1,1,1,1,1,1,1,1,1,1,1
grRotorSpeedFormSpeedRelay2,转子转速(超速继电器2),grRotorSpeedFormSpeedRelay2,rRotorSpeedFormSpeedRelay2,grRotorSpeedFormSpeedRelay,rRotorSpeedSpeedRelay,rRotSpeedFromRelay,rRotorSpeedFromSpeedRelay,1,1,1,1,1,1,1,1
grRotorSpeedFromCounterModule1,转子转速(计数器1),grRotorSpeedFromCounterModule1,rRotSpeedFromCountMoudle3,rRotorSpeedFromCounterModule1,grRotorSpeedFromCountMoudle1,1,1,1,1,1,1,1,1,1,1
grRotorSpeedFromCounterModule2,转子转速(计数器2),grRotorSpeedFromCounterModule2,rRotorSpeedFromCounterModule2,grRotorSpeedFromCountMoudle2,grRotorSpeedFromCounterModule,rRotorSpeedCountMoudle,rRotSpeedFromCountModule,rRotorSpeedFromCountMoudle,1,1,1,1,1,1,1
rotor_position,叶轮位置,rRotorPosition,GVL_WROT_Main_Srot_grRotorPosition,grRotorPosition,1,1,1,1,1,1,1,1,1,1,1
brotor_brake_on,叶轮刹车开关,bRotorBrakeOn,1,1,1,1,1,1,1,1,1,1,1,1,1
rotor_brake_pressure,叶轮刹车压力,rRotorBrakePressure,1,1,1,1,1,1,1,1,1,1,1,1,1
generator_speed,发电机转速,sequence_generator_speed,grCAN_GeneratorSpeed,grGenSpeedPDM,rGeneratorSpeed,.rGeneratorSpeed,GVL_g_gsRotor_grGeneratorSpeed,grGeneratorSpeed,rGenSpeed,GVL_WROT_Main_Srot_grGeneratorSpeed,1,1,1,1,1
generator_speed_setpoint,发电机额定转速,S_VsprSpeedSetpointTorque,VsprSpeedSetpointPitch,rControllerGeneratorSpeedSetpoint,grGeneratorSpeedSetpoint,grSetValueGenSpeed,S_VsprSpeedSetpointPitch,rGeneratorSpeedSetpoint,PRG_PDSpeedController.rLocalSetValueGenSpeed,grGenSpeedSetpointLocalForPID,rTorqueGeneratorSpeedSetpoint,VsprSpeedSetpointTorque,.rControllerGeneratorSpeedSetpoint,rLocalGeneratorSpeedSetPoint,Q_BK_D_PowerControlSpeedSetpoint
generator_speed_filter,发电机滤波转速,grGeneratorSpeedFiltered,1,1,1,1,1,1,1,1,1,1,1,1,1
generator_speed_relay,发电机转速(超速继电器),grGeneratorSpeedFormSpeedRelay,1,1,1,1,1,1,1,1,1,1,1,1,1
generator_speed_module,发电机转速(计数器),grGeneratorSpeedFormCounterModule,1,1,1,1,1,1,1,1,1,1,1,1,1
converter_generator_speed,变频器发电机转速,GVL_WCOV_Main_Scov_grConverterGeneratorSpeed,grConverterGeneratorSpeed,rConverterGeneratorSpeed,rCovGenSpeed,1,1,1,1,1,1,1,1,1,1
gen_speed_process,控制器转速,grGenSpeedForProcess,1,1,1,1,1,1,1,1,1,1,1,1,1
byaw_mode,偏航模式,iYawMode,GVL_OP_gS_OP_giYawMode,1,1,1,1,1,1,1,1,1,1,1,1
yaw_position,偏航位置,rYawPosition,.rYawPosition,GVL_g_gsYaw_grYawPosition,yaw_position,GVL_WYAW_Main_Syaw_grYawPosition,grYawPosition,1,1,1,1,1,1,1,1
nacelle_position,机舱位置,sequence_nacelle_position,grNacellePositionTotal,grCableTwistTotal,grNacellePositionLtd,1,1,1,1,1,1,1,1,1,1
byaw_CCW,逆时针偏航标志,sequence_start_yaw_ccw,DQ_NacelleStartYawCCW,iYawCW,bYawCW,GVL_g_gsYaw_gbYawCW,gbYawCCWCommand,gbYawCCW,1,1,1,1,1,1,1
byaw_CW,顺时针偏航标志,sequence_start_yaw_cw,DQ_NacelleStartYawCW,iYawCCW,bYawCCW,GVL_g_gsYaw_gbYawCCW,GVL_WYAW_Main_Syaw_gbYawCW,gbYawCWCommand,gbYawCW,1,1,1,1,1,1
yaw_word,技改偏航指令,wYawStWord,wYawStWord,wYawStWord,1,1,1,1,1,1,1,1,1,1,1
byaw_brake_openhalf,偏航刹车半释放,bYawBrakeOpenHalf,1,1,1,1,1,1,1,1,1,1,1,1,1
byaw_brake_opentotal,偏航刹车全释放,bYawBrakeOpenTotal,1,1,1,1,1,1,1,1,1,1,1,1,1
yaw_brake_pressure,偏航刹车压力,sequence_YawBrakePressure,rHydraulicYawBrakePressure,grNacelleYawLoopPressure_1sec,GVL_g_gshydraulic_grHydraulicYawBrakePressure,1,1,1,1,1,1,1,1,1,1
nacelle_vibration_Y1,振动实时值1前后afterfront,current_vibration_Y,sequence_current_vibration_Y,grCurrentVibrationY_PCH,rNacelleVibrationY1,.rNacelleVibrationY1,GVL_g_gsNacelleVibration_grNacelleVibrationY1,grNacelleVibrationY1,acceleration_sensor_y_1,acceleration_y,GVL_WVIB_Main_Svib_grNacelleVibrationY1,1,1,1,1
nacelle_vibration_X1,振动实时值1左右sidetoside,current_vibration_Z,sequence_current_vibration_Z,grCurrentVibrationZ_PCH,rNacelleVibrationX1,.rNacelleVibrationX1,GVL_g_gsNacelleVibration_grNacelleVibrationX1,grNacelleVibrationX1,acceleration_sensor_x_1,acceleration_x,GVL_WVIB_Main_Svib_grNacelleVibrationX1,1,1,1,1
nacelle_vibration_Y2,振动实时值2前后afterfront,rNacelleVIbrationY2,.rNacelleVIbrationY2,rNacelleVibrationY2,GVL_g_gsNacelleVibration_grNacelleVibrationY2,grNacelleVibrationY2,GVL_WVIB_Main_Svib_grNacelleVibrationY2,1,1,1,1,1,1,1,1
nacelle_vibration_X2,振动实时值2左右sidetoside,rNacelleVibrationX2,.rNacelleVibrationX2,GVL_g_gsNacelleVibration_grNacelleVibrationX2,grNacelleVibrationX2,GVL_WVIB_Main_Svib_grNacelleVibrationX2,1,1,1,1,1,1,1,1,1
nacelle_vibration_filter_Y,振动滤波值前后afterfront,filtered_vibration_Y,sequence_filtered_vibration_Y,grFilteredVibrationY_PCH,1,1,1,1,1,1,1,1,1,1,1
nacelle_vibration_filter_X,振动滤波值左右sidetoside,filtered_vibration_Z,sequence_filtered_vibration_Z,grFilteredVibrationZ_PCH,1,1,1,1,1,1,1,1,1,1,1
iBP_level,刹车等级,sequence_BPLevel,giBPLevel,1,1,1,1,1,1,1,1,1,1,1,1
ican_operationenable,can使能,sequence_CAN_OperationEnable,diCAN_OperationEnable,1,1,1,1,1,1,1,1,1,1,1,1
hydraulic_systempressure,液压系统压力,sequence_SystemPressure,rHydraulicSystemPressure,grHydrPressureSystem,GVL_g_gshydraulic_grHydraulicYawBrakePressure,1,1,1,1,1,1,1,1,1,1
byaw_electricbrake_open,电磁抱闸,sequence_ElectricBrakeOpen,bYawMotorElectricBrakeOpen,GVL_g_gsYaw_gbYawMotorElectricBrakeOpen,1,1,1,1,1,1,1,1,1,1,1
hydraulic_pumpon,液压泵打压,sequence_,iHydraulicPumpOn,1,1,1,1,1,1,1,1,1,1,1,1
converter_torque,变流器转矩,rConverterTorque,GVL_WCOV_Main_Scov_grConverterTorque,grConverterTorque,1,1,1,1,1,1,1,1,1,1,1
converter_torque_setpoint_command,变流器转矩设定值,GVL_WCOV_Main_Scov_grConverterTorqueSetpointCommand,grConverterTorqueSetpointCommand,rConverterTorqueSetpointCommand,grCAN_GeneratorTorqueSetPointValue,1,1,1,1,1,1,1,1,1,1
wConverterStateWord,变流器状态,wConverterStateWord,1,1,1,1,1,1,1,1,1,1,1,1,1
shaft_power_setpoint,发电机功率输出设定值,grGeneratorPowerSetpointOutput,rLocalGeneratorPowerSetpoint,rGeneratorPowerSetpointOutput,grGeneratorPowerSetpoint,grActivePowerSetPointValue,Q_Plc_D_ShaftPowerSetpoint,Q_BK_D_ShaftPowerSetpoint,rShaftPowerSetpointTargetRateLimited,m_D_ShaftPowerSetpointTargetRateLimited,1,1,1,1,1
damping torque,传动链加阻,Q_BK_VsprDampingTorque,1,1,1,1,1,1,1,1,1,1,1,1,1
laser1,激光雷达1,rLaser1,grLaser1Value,1,1,1,1,1,1,1,1,1,1,1,1
laser2,激光雷达2,rLaser2,grLaser2Value,1,1,1,1,1,1,1,1,1,1,1,1
rclearance1,净空距离1,rClearance1,1,1,1,1,1,1,1,1,1,1,1,1,1
rclearance2,净空距离2,rClearance2,1,1,1,1,1,1,1,1,1,1,1,1,1
exc_mode,共振穿越模式,iExcluedZoneExcMode,iExcMode,rExcluedZoneExcMode,1,1,1,1,1,1,1,1,1,1,1
exc_high_speed,共振穿越上界,rTowerExcHighSpeed,1,1,1,1,1,1,1,1,1,1,1,1,1
exc_low_speed,共振穿越下界,rTowerExcLowSpeed,1,1,1,1,1,1,1,1,1,1,1,1,1
nacelle_direction_north,机舱对北角度,rNacelleDirectionToNorth,grNacelleDirectionToNorth30s,1,1,1,1,1,1,1,1,1,1,1,1
wind_direction_north,风向对北角度,grWindDirectionToNorth30s,1,1,1,1,1,1,1,1,1,1,1,1,1
iPowerReductionType,限电标志位,iPowerReductionType,giPowerReductionType,1,1,1,1,1,1,1,1,1,1,1,1
air_density,空气密度,rAirDensity,1,1,1,1,1,1,1,1,1,1,1,1,1
outdoor_temp,户外温度,sequence_temp_outdoor,grTempOutdoor,rOutdoorTemperature,GVL_g_gsAmbient_grOutdoorTemperature,1,1,1,1,1,1,1,1,1,1
gbNacelleBreakerCabinetBreakerOnFeedback1,机舱断路器柜跳闸1,gbNacelleBreakerCabinetBreakerOnFeedback1,1,1,1,1,1,1,1,1,1,1,1,1,1
gbNacelleBreakerCabinetBreakerOnFeedback2,机舱断路器柜跳闸2,gbNacelleBreakerCabinetBreakerOnFeedback2,1,1,1,1,1,1,1,1,1,1,1,1,1
