num,源文件,filename,故障原因,fault_type,解决方案
1,033#,\\Imzspc1065\故障数据汇总\01010_SC_安全链叶轮超速故障\S1-20210124\Tracelog\24-01-10-07_49_13_830_01010_SafetyRotorOv.csv,超速继电器转速异常,C,"1、检查滑环编码器有无损坏
2、检查超速继电器1有无掉电或损坏"
2,036#,\\Imzspc1065\故障数据汇总\01010_SC_安全链叶轮超速故障\S1-20210124\Tracelog\24-02-14-12_56_34_424_01010_SafetyRotorOv.csv,超速继电器转速异常,C,"1、检查滑环编码器有无损坏
2、检查超速继电器1有无掉电或损坏"
3,042#,\\Imzspc1065\故障数据汇总\01010_SC_安全链叶轮超速故障\S1-20210124\Tracelog\24-02-18-13_34_13_897_01010_SafetyRotorOv.csv,滑环编码器转速跳变,A,"1、检查梅花联轴器有无松动或损坏
2、检查滑环编码器线束固定有无松动 
3、检查机舱吊机有无碰撞滑环止转杆"
4,022#,\\Imzspc1065\故障数据汇总\01010_SC_安全链叶轮超速故障\S1-20210124\Tracelog\24-02-28-14_50_10_954_01010_SafetyRotorOv.csv,滑环编码器转速跳变,B,"1、检查梅花联轴器有无松动或损坏
2、检查滑环编码器线束固定有无松动 
3、检查机舱吊机有无碰撞滑环止转杆"
5,022#,\\Imzspc1065\故障数据汇总\01010_SC_安全链叶轮超速故障\S1-20210124\Tracelog\24-02-28-16_06_35_434_01010_SafetyRotorOv.csv,滑环编码器转速规律波动,B,"1、检查梅花联轴器有无松动或损坏
2、检查滑环编码器屏蔽线有无异常 
3、检查CMS在线振动监测转速线有无干扰"
6,022#,\\Imzspc1065\故障数据汇总\01010_SC_安全链叶轮超速故障\S1-20210124\Tracelog\24-02-28-17_41_29_394_01010_SafetyRotorOv.csv,滑环编码器转速规律波动,B,"1、检查梅花联轴器有无松动或损坏
2、检查滑环编码器屏蔽线有无异常 
3、检查CMS在线振动监测转速线有无干扰"
7,022#,\\Imzspc1065\故障数据汇总\01010_SC_安全链叶轮超速故障\S1-20210124\Tracelog\24-02-28-18_48_49_674_01010_SafetyRotorOv.csv,滑环编码器转速规律波动,B,"1、检查梅花联轴器有无松动或损坏
2、检查滑环编码器屏蔽线有无异常 
3、检查CMS在线振动监测转速线有无干扰"
8,022#,\\Imzspc1065\故障数据汇总\01010_SC_安全链叶轮超速故障\S1-20210124\Tracelog\24-02-29-17_54_03_254_01010_SafetyRotorOv.csv,滑环编码器转速规律波动,B,"1、检查梅花联轴器有无松动或损坏
2、检查滑环编码器屏蔽线有无异常 
3、检查CMS在线振动监测转速线有无干扰"
9,022#,\\Imzspc1065\故障数据汇总\01010_SC_安全链叶轮超速故障\S1-20210124\Tracelog\24-02-29-18_46_32_754_01010_SafetyRotorOv.csv,滑环编码器转速规律波动,B,"1、检查梅花联轴器有无松动或损坏
2、检查滑环编码器屏蔽线有无异常 
3、检查CMS在线振动监测转速线有无干扰"
10,022#,\\Imzspc1065\故障数据汇总\01010_SC_安全链叶轮超速故障\S1-20210124\Tracelog\24-02-29-19_33_59_394_01010_SafetyRotorOv.csv,滑环编码器转速规律波动,B,"1、检查梅花联轴器有无松动或损坏
2、检查滑环编码器屏蔽线有无异常 
3、检查CMS在线振动监测转速线有无干扰"
11,022#,\\Imzspc1065\故障数据汇总\01010_SC_安全链叶轮超速故障\S1-20210124\Tracelog\24-02-29-21_10_52_194_01010_SafetyRotorOv.csv,滑环编码器转速规律波动,B,"1、检查梅花联轴器有无松动或损坏
2、检查滑环编码器屏蔽线有无异常 
3、检查CMS在线振动监测转速线有无干扰"
12,025#,\\Imzspc1065\故障数据汇总\01010_SC_安全链叶轮超速故障\S1-20210124\Tracelog\24-03-01-03_00_27_313_01010_SafetyRotorOv.csv,滑环编码器转速规律波动,B,"1、检查梅花联轴器有无松动或损坏
2、检查滑环编码器屏蔽线有无异常 
3、检查CMS在线振动监测转速线有无干扰"
13,025#,\\Imzspc1065\故障数据汇总\01010_SC_安全链叶轮超速故障\S1-20210124\Tracelog\24-03-04-17_09_56_413_01010_SafetyRotorOv.csv,滑环编码器转速规律波动,B,"1、检查梅花联轴器有无松动或损坏
2、检查滑环编码器屏蔽线有无异常 
3、检查CMS在线振动监测转速线有无干扰"
14,025#,\\Imzspc1065\故障数据汇总\01010_SC_安全链叶轮超速故障\S1-20210124\Tracelog\24-03-06-10_21_12_333_01010_SafetyRotorOv.csv,滑环编码器转速跳变,A,"1、检查梅花联轴器有无松动或损坏
2、检查滑环编码器线束固定有无松动 
3、检查机舱吊机有无碰撞滑环止转杆"
15,005#,\\Imzspc1065\故障数据汇总\01010_SC_安全链叶轮超速故障\S1-20210124\Tracelog\24-03-06-15_19_38_626_01010_SafetyRotorOv.csv,滑环编码器转速规律波动,B,"1、检查梅花联轴器有无松动或损坏
2、检查滑环编码器屏蔽线有无异常 
3、检查CMS在线振动监测转速线有无干扰"
16,005#,\\Imzspc1065\故障数据汇总\01010_SC_安全链叶轮超速故障\S1-20210124\Tracelog\24-03-06-15_41_45_6_01010_SCfetyRotorOver.csv,滑环编码器转速规律波动,B,"1、检查梅花联轴器有无松动或损坏
2、检查滑环编码器屏蔽线有无异常 
3、检查CMS在线振动监测转速线有无干扰"
17,005#,\\Imzspc1065\故障数据汇总\01010_SC_安全链叶轮超速故障\S1-20210124\Tracelog\24-03-06-17_52_42_866_01010_SafetyRotorOv.csv,滑环编码器转速规律波动,B,"1、检查梅花联轴器有无松动或损坏
2、检查滑环编码器屏蔽线有无异常 
3、检查CMS在线振动监测转速线有无干扰"
18,025#,\\Imzspc1065\故障数据汇总\01010_SC_安全链叶轮超速故障\S1-20210124\Tracelog\24-03-07-03_29_47_313_01010_SafetyRotorOv.csv,滑环编码器转速规律波动,B,"1、检查梅花联轴器有无松动或损坏
2、检查滑环编码器屏蔽线有无异常 
3、检查CMS在线振动监测转速线有无干扰"
19,025#,\\Imzspc1065\故障数据汇总\01010_SC_安全链叶轮超速故障\S1-20210124\Tracelog\24-03-07-07_32_38_373_01010_SafetyRotorOv.csv,滑环编码器转速规律波动,B,"1、检查梅花联轴器有无松动或损坏
2、检查滑环编码器屏蔽线有无异常 
3、检查CMS在线振动监测转速线有无干扰"
20,025#,\\Imzspc1065\故障数据汇总\01010_SC_安全链叶轮超速故障\S1-20210124\Tracelog\24-03-07-07_48_43_573_01010_SafetyRotorOv.csv,滑环编码器转速规律波动,B,"1、检查梅花联轴器有无松动或损坏
2、检查滑环编码器屏蔽线有无异常 
3、检查CMS在线振动监测转速线有无干扰"
21,025#,\\Imzspc1065\故障数据汇总\01010_SC_安全链叶轮超速故障\S1-20210124\Tracelog\24-03-07-08_05_47_173_01010_SafetyRotorOv.csv,滑环编码器转速规律波动,B,"1、检查梅花联轴器有无松动或损坏
2、检查滑环编码器屏蔽线有无异常 
3、检查CMS在线振动监测转速线有无干扰"
22,025#,\\Imzspc1065\故障数据汇总\01010_SC_安全链叶轮超速故障\S1-20210124\Tracelog\24-03-07-08_44_21_873_01010_SafetyRotorOv.csv,滑环编码器转速规律波动,B,"1、检查梅花联轴器有无松动或损坏
2、检查滑环编码器屏蔽线有无异常 
3、检查CMS在线振动监测转速线有无干扰"
23,025#,\\Imzspc1065\故障数据汇总\01010_SC_安全链叶轮超速故障\S1-20210124\Tracelog\24-03-07-12_35_35_233_01010_SafetyRotorOv.csv,滑环编码器转速规律波动,B,"1、检查梅花联轴器有无松动或损坏
2、检查滑环编码器屏蔽线有无异常 
3、检查CMS在线振动监测转速线有无干扰"
24,025#,\\Imzspc1065\故障数据汇总\01010_SC_安全链叶轮超速故障\S1-20210124\Tracelog\24-03-07-14_20_06_633_01010_SafetyRotorOv.csv,滑环编码器转速规律波动,B,"1、检查梅花联轴器有无松动或损坏
2、检查滑环编码器屏蔽线有无异常 
3、检查CMS在线振动监测转速线有无干扰"
25,025#,\\Imzspc1065\故障数据汇总\01010_SC_安全链叶轮超速故障\S1-20210124\Tracelog\24-03-07-20_57_21_493_01010_SafetyRotorOv.csv,滑环编码器转速规律波动,B,"1、检查梅花联轴器有无松动或损坏
2、检查滑环编码器屏蔽线有无异常 
3、检查CMS在线振动监测转速线有无干扰"
26,025#,\\Imzspc1065\故障数据汇总\01010_SC_安全链叶轮超速故障\S1-20210124\Tracelog\24-03-07-21_49_35_793_01010_SafetyRotorOv.csv,滑环编码器转速规律波动,B,"1、检查梅花联轴器有无松动或损坏
2、检查滑环编码器屏蔽线有无异常 
3、检查CMS在线振动监测转速线有无干扰"
27,025#,\\Imzspc1065\故障数据汇总\01010_SC_安全链叶轮超速故障\S1-20210124\Tracelog\24-03-09-09_52_30_693_01010_SafetyRotorOv.csv,滑环编码器转速规律波动,B,"1、检查梅花联轴器有无松动或损坏
2、检查滑环编码器屏蔽线有无异常 
3、检查CMS在线振动监测转速线有无干扰"
28,025#,\\Imzspc1065\故障数据汇总\01010_SC_安全链叶轮超速故障\S1-20210124\Tracelog\24-03-11-09_21_34_273_01010_SafetyRotorOv.csv,滑环编码器转速规律波动,B,"1、检查梅花联轴器有无松动或损坏
2、检查滑环编码器屏蔽线有无异常 
3、检查CMS在线振动监测转速线有无干扰"
29,033#,\\Imzspc1065\故障数据汇总\01010_SC_安全链叶轮超速故障\S1-20210124\Tracelog\24-03-24-22_18_44_59_01010_SafetyRotorOve.csv,超速继电器转速异常,C,"1、检查滑环编码器有无损坏
2、检查超速继电器1有无掉电或损坏"
30,022#,\\Imzspc1065\故障数据汇总\01010_SC_安全链叶轮超速故障\S1-20210124\Tracelog\24-04-09-02_23_08_194_01010_SafetyRotorOv.csv,转速未超限,D,"1、检查超速对应的安全链回路接线有无松动
2、检查超速对应的安全链继电器和底座有无松动"
31,022#,\\Imzspc1065\故障数据汇总\01010_SC_安全链叶轮超速故障\S1-20210124\Tracelog\24-04-09-02_34_54_714_01010_SafetyRotorOv.csv,滑环编码器转速规律波动,B,"1、检查梅花联轴器有无松动或损坏
2、检查滑环编码器屏蔽线有无异常 
3、检查CMS在线振动监测转速线有无干扰"
32,022#,\\Imzspc1065\故障数据汇总\01010_SC_安全链叶轮超速故障\S1-20210124\Tracelog\24-04-09-07_06_30_154_01010_SafetyRotorOv.csv,滑环编码器转速规律波动,B,"1、检查梅花联轴器有无松动或损坏
2、检查滑环编码器屏蔽线有无异常 
3、检查CMS在线振动监测转速线有无干扰"
33,022#,\\Imzspc1065\故障数据汇总\01010_SC_安全链叶轮超速故障\S1-20210124\Tracelog\24-04-09-12_52_07_794_01010_SafetyRotorOv.csv,滑环编码器转速规律波动,B,"1、检查梅花联轴器有无松动或损坏
2、检查滑环编码器屏蔽线有无异常 
3、检查CMS在线振动监测转速线有无干扰"
34,022#,\\Imzspc1065\故障数据汇总\01010_SC_安全链叶轮超速故障\S1-20210124\Tracelog\24-04-09-14_50_07_834_01010_SafetyRotorOv.csv,滑环编码器转速规律波动,B,"1、检查梅花联轴器有无松动或损坏
2、检查滑环编码器屏蔽线有无异常 
3、检查CMS在线振动监测转速线有无干扰"
35,022#,\\Imzspc1065\故障数据汇总\01010_SC_安全链叶轮超速故障\S1-20210124\Tracelog\24-04-09-15_08_23_634_01010_SafetyRotorOv.csv,滑环编码器转速规律波动,B,"1、检查梅花联轴器有无松动或损坏
2、检查滑环编码器屏蔽线有无异常 
3、检查CMS在线振动监测转速线有无干扰"
36,022#,\\Imzspc1065\故障数据汇总\01010_SC_安全链叶轮超速故障\S1-20210124\Tracelog\24-04-09-15_32_23_894_01010_SafetyRotorOv.csv,滑环编码器转速规律波动,B,"1、检查梅花联轴器有无松动或损坏
2、检查滑环编码器屏蔽线有无异常 
3、检查CMS在线振动监测转速线有无干扰"
37,010#,\\Imzspc1065\故障数据汇总\01010_SC_安全链叶轮超速故障\S1-20210124\Tracelog\24-04-21-07_23_02_999_01010_SafetyRotorOv.csv,超速继电器转速异常,C,"1、检查滑环编码器有无损坏
2、检查超速继电器1有无掉电或损坏"
38,004#,\\Imzspc1065\故障数据汇总\01010_SC_安全链叶轮超速故障\S1-20210124\Tracelog\24-04-21-13_55_52_279_01010_SafetyRotorOv.csv,滑环编码器转速跳变,A,"1、检查梅花联轴器有无松动或损坏
2、检查滑环编码器线束固定有无松动 
3、检查机舱吊机有无碰撞滑环止转杆"
39,006#,\\Imzspc1065\故障数据汇总\01010_SC_安全链叶轮超速故障\S1-20210124\Tracelog\24-04-22-10_48_34_589_01010_SafetyRotorOv.csv,超速继电器转速异常,C,"1、检查滑环编码器有无损坏
2、检查超速继电器1有无掉电或损坏"
40,022#,\\Imzspc1065\故障数据汇总\01010_SC_安全链叶轮超速故障\S1-20210124\Tracelog\24-04-27-05_27_07_654_01010_SafetyRotorOv.csv,滑环编码器转速规律波动,B,"1、检查梅花联轴器有无松动或损坏
2、检查滑环编码器屏蔽线有无异常 
3、检查CMS在线振动监测转速线有无干扰"
41,022#,\\Imzspc1065\故障数据汇总\01010_SC_安全链叶轮超速故障\S1-20210124\Tracelog\24-04-28-19_57_38_394_01010_SafetyRotorOv.csv,转速未超限,D,"1、检查超速对应的安全链回路接线有无松动
2、检查超速对应的安全链继电器和底座有无松动"
42,022#,\\Imzspc1065\故障数据汇总\01010_SC_安全链叶轮超速故障\S1-20210124\Tracelog\24-04-29-17_38_17_214_01010_SafetyRotorOv.csv,滑环编码器转速规律波动,B,"1、检查梅花联轴器有无松动或损坏
2、检查滑环编码器屏蔽线有无异常 
3、检查CMS在线振动监测转速线有无干扰"
43,022#,\\Imzspc1065\故障数据汇总\01010_SC_安全链叶轮超速故障\S1-20210124\Tracelog\24-04-30-22_32_04_934_01010_SafetyRotorOv.csv,转速未超限,D,"1、检查超速对应的安全链回路接线有无松动
2、检查超速对应的安全链继电器和底座有无松动"
44,022#,\\Imzspc1065\故障数据汇总\01010_SC_安全链叶轮超速故障\S1-20210124\Tracelog\24-05-04-12_03_10_314_01010_SafetyRotorOv.csv,滑环编码器转速规律波动,B,"1、检查梅花联轴器有无松动或损坏
2、检查滑环编码器屏蔽线有无异常 
3、检查CMS在线振动监测转速线有无干扰"
45,007#,\\Imzspc1065\故障数据汇总\01010_SC_安全链叶轮超速故障\S1-20210124\Tracelog\24-05-05-22_31_35_289_01010_SafetyRotorOv.csv,滑环编码器转速规律波动,B,"1、检查梅花联轴器有无松动或损坏
2、检查滑环编码器屏蔽线有无异常 
3、检查CMS在线振动监测转速线有无干扰"
46,007#,\\Imzspc1065\故障数据汇总\01010_SC_安全链叶轮超速故障\S1-20210124\Tracelog\24-05-06-06_16_43_669_01010_SafetyRotorOv.csv,滑环编码器转速规律波动,B,"1、检查梅花联轴器有无松动或损坏
2、检查滑环编码器屏蔽线有无异常 
3、检查CMS在线振动监测转速线有无干扰"
47,010#,\\Imzspc1065\故障数据汇总\01010_SC_安全链叶轮超速故障\S1-20210124\Tracelog\24-05-06-17_11_22_650_01010_SafetyRotorOv.csv,超速继电器转速异常,C,"1、检查滑环编码器有无损坏
2、检查超速继电器1有无掉电或损坏"
48,022#,\\Imzspc1065\故障数据汇总\01010_SC_安全链叶轮超速故障\S1-20210124\Tracelog\24-05-09-17_56_52_894_01010_SafetyRotorOv.csv,滑环编码器转速规律波动,B,"1、检查梅花联轴器有无松动或损坏
2、检查滑环编码器屏蔽线有无异常 
3、检查CMS在线振动监测转速线有无干扰"
49,022#,\\Imzspc1065\故障数据汇总\01010_SC_安全链叶轮超速故障\S1-20210124\Tracelog\24-05-09-21_11_06_414_01010_SafetyRotorOv.csv,滑环编码器转速规律波动,B,"1、检查梅花联轴器有无松动或损坏
2、检查滑环编码器屏蔽线有无异常 
3、检查CMS在线振动监测转速线有无干扰"
50,022#,\\Imzspc1065\故障数据汇总\01010_SC_安全链叶轮超速故障\S1-20210124\Tracelog\24-05-16-15_54_00_0_01010_SCfetyRotorOver.csv,滑环编码器转速规律波动,B,"1、检查梅花联轴器有无松动或损坏
2、检查滑环编码器屏蔽线有无异常 
3、检查CMS在线振动监测转速线有无干扰"
51,022#,\\Imzspc1065\故障数据汇总\01010_SC_安全链叶轮超速故障\S1-20210124\Tracelog\24-05-16-16_09_30_780_01010_SafetyRotorOv.csv,滑环编码器转速规律波动,B,"1、检查梅花联轴器有无松动或损坏
2、检查滑环编码器屏蔽线有无异常 
3、检查CMS在线振动监测转速线有无干扰"
52,022#,\\Imzspc1065\故障数据汇总\01010_SC_安全链叶轮超速故障\S1-20210124\Tracelog\24-05-16-16_35_35_200_01010_SafetyRotorOv.csv,滑环编码器转速跳变,B,"1、检查梅花联轴器有无松动或损坏
2、检查滑环编码器线束固定有无松动 
3、检查机舱吊机有无碰撞滑环止转杆"
53,008#,\\Imzspc1065\故障数据汇总\01010_SC_安全链叶轮超速故障\S1-20210124\Tracelog\24-05-19-13_35_47_302_01010_SafetyRotorOv.csv,超速继电器转速异常,C,"1、检查滑环编码器有无损坏
2、检查超速继电器1有无掉电或损坏"
54,008#,\\Imzspc1065\故障数据汇总\01010_SC_安全链叶轮超速故障\S1-20210124\Tracelog\24-05-24-04_41_47_262_01010_SafetyRotorOv.csv,超速继电器转速异常,C,"1、检查滑环编码器有无损坏
2、检查超速继电器1有无掉电或损坏"
55,008#,\\Imzspc1065\故障数据汇总\01010_SC_安全链叶轮超速故障\S1-20210124\Tracelog\24-05-24-15_12_17_22_01010_SafetyRotorOve.csv,超速继电器转速异常,C,"1、检查滑环编码器有无损坏
2、检查超速继电器1有无掉电或损坏"
56,008#,\\Imzspc1065\故障数据汇总\01010_SC_安全链叶轮超速故障\S1-20210124\Tracelog\24-05-27-08_22_28_822_01010_SafetyRotorOv.csv,超速继电器转速异常,C,"1、检查滑环编码器有无损坏
2、检查超速继电器1有无掉电或损坏"
57,028#,\\Imzspc1065\故障数据汇总\01010_SC_安全链叶轮超速故障\S1-20210124\Tracelog\24-06-04-08_06_18_979_01010_SafetyRotorOv.csv,超速继电器转速异常,A,"1、检查滑环编码器有无损坏
2、检查超速继电器1有无掉电或损坏"
58,008#,\\Imzspc1065\故障数据汇总\01010_SC_安全链叶轮超速故障\S1-20210124\Tracelog\24-06-05-00_20_49_502_01010_SafetyRotorOv.csv,超速继电器转速异常,C,"1、检查滑环编码器有无损坏
2、检查超速继电器1有无掉电或损坏"
59,029#,\\Imzspc1065\故障数据汇总\01010_SC_安全链叶轮超速故障\S1-20210124\Tracelog\24-06-05-03_39_42_144_01010_SafetyRotorOv.csv,超速继电器转速异常,C,"1、检查滑环编码器有无损坏
2、检查超速继电器1有无掉电或损坏"
60,042#,\\Imzspc1065\故障数据汇总\01010_SC_安全链叶轮超速故障\S1-20210124\Tracelog\24-06-05-03_42_40_603_01010_SafetyRotorOv.csv,超速继电器转速异常,C,"1、检查滑环编码器有无损坏
2、检查超速继电器1有无掉电或损坏"
61,008#,\\Imzspc1065\故障数据汇总\01010_SC_安全链叶轮超速故障\S1-20210124\Tracelog\24-06-05-22_32_58_482_01010_SafetyRotorOv.csv,超速继电器转速异常,C,"1、检查滑环编码器有无损坏
2、检查超速继电器1有无掉电或损坏"
62,030#,\\Imzspc1065\故障数据汇总\01010_SC_安全链叶轮超速故障\S1-20210124\Tracelog\24-06-06-00_29_52_259_01010_SafetyRotorOv.csv,超速继电器转速异常,C,"1、检查滑环编码器有无损坏
2、检查超速继电器1有无掉电或损坏"
63,008#,\\Imzspc1065\故障数据汇总\01010_SC_安全链叶轮超速故障\S1-20210124\Tracelog\24-06-07-11_40_27_542_01010_SafetyRotorOv.csv,超速继电器转速异常,C,"1、检查滑环编码器有无损坏
2、检查超速继电器1有无掉电或损坏"
64,019#,\\Imzspc1065\故障数据汇总\01010_SC_安全链叶轮超速故障\S1-20210124\Tracelog\24-06-07-11_57_52_806_01010_SafetyRotorOv.csv,超速继电器转速异常,C,"1、检查滑环编码器有无损坏
2、检查超速继电器1有无掉电或损坏"
65,030#,\\Imzspc1065\故障数据汇总\01010_SC_安全链叶轮超速故障\S1-20210124\Tracelog\24-06-09-08_51_42_939_01010_SafetyRotorOv.csv,超速继电器转速异常,C,"1、检查滑环编码器有无损坏
2、检查超速继电器1有无掉电或损坏"
66,042#,\\Imzspc1065\故障数据汇总\01010_SC_安全链叶轮超速故障\S1-20210124\Tracelog\24-06-15-02_39_13_3_01010_SCfetyRotorOver.csv,超速继电器转速异常,A,"1、检查滑环编码器有无损坏
2、检查超速继电器1有无掉电或损坏"
67,019#,\\Imzspc1065\故障数据汇总\01010_SC_安全链叶轮超速故障\S1-20210124\Tracelog\24-06-15-03_23_12_126_01010_SafetyRotorOv.csv,超速继电器转速异常,C,"1、检查滑环编码器有无损坏
2、检查超速继电器1有无掉电或损坏"
68,025#,\\Imzspc1065\故障数据汇总\01010_SC_安全链叶轮超速故障\S1-20210124\Tracelog\24-06-15-04_17_20_542_01010_SafetyRotorOv.csv,超速继电器转速异常,C,"1、检查滑环编码器有无损坏
2、检查超速继电器1有无掉电或损坏"
69,032#,\\Imzspc1065\故障数据汇总\01010_SC_安全链叶轮超速故障\S1-20210124\Tracelog\24-06-21-14_59_12_377_01010_SafetyRotorOv.csv,滑环编码器转速跳变,A,"1、检查梅花联轴器有无松动或损坏
2、检查滑环编码器线束固定有无松动 
3、检查机舱吊机有无碰撞滑环止转杆"
70,025#,\\Imzspc1065\故障数据汇总\01010_SC_安全链叶轮超速故障\S1-20210124\Tracelog\24-06-25-07_25_23_902_01010_SafetyRotorOv.csv,超速继电器转速异常,C,"1、检查滑环编码器有无损坏
2、检查超速继电器1有无掉电或损坏"
71,042#,\\Imzspc1065\故障数据汇总\01010_SC_安全链叶轮超速故障\S1-20210124\Tracelog\24-06-25-07_28_44_503_01010_SafetyRotorOv.csv,超速继电器转速异常,C,"1、检查滑环编码器有无损坏
2、检查超速继电器1有无掉电或损坏"
72,016#,\\Imzspc1065\故障数据汇总\01010_SC_安全链叶轮超速故障\S1-20210124\Tracelog\24-06-29-20_19_04_655_01010_SafetyRotorOv.csv,滑环编码器转速跳变,A,"1、检查梅花联轴器有无松动或损坏
2、检查滑环编码器线束固定有无松动 
3、检查机舱吊机有无碰撞滑环止转杆"
73,005#,\\Imzspc1065\故障数据汇总\01010_SC_安全链叶轮超速故障\S1-20210124\Tracelog\24-06-30-01_52_11_299_01010_SafetyRotorOv.csv,滑环编码器转速规律波动,B,"1、检查梅花联轴器有无松动或损坏
2、检查滑环编码器屏蔽线有无异常 
3、检查CMS在线振动监测转速线有无干扰"
74,042#,\\Imzspc1065\故障数据汇总\01010_SC_安全链叶轮超速故障\S1-20210124\Tracelog\24-07-04-10_58_08_843_01010_SafetyRotorOv.csv,超速继电器转速异常,C,"1、检查滑环编码器有无损坏
2、检查超速继电器1有无掉电或损坏"
75,016#,\\Imzspc1065\故障数据汇总\01010_SC_安全链叶轮超速故障\S1-20210124\Tracelog\24-07-05-20_32_52_775_01010_SafetyRotorOv.csv,滑环编码器转速跳变,A,"1、检查梅花联轴器有无松动或损坏
2、检查滑环编码器线束固定有无松动 
3、检查机舱吊机有无碰撞滑环止转杆"
76,010#,\\Imzspc1065\故障数据汇总\01010_SC_安全链叶轮超速故障\S1-20210124\Tracelog\24-07-09-16_21_32_900_01010_SafetyRotorOv.csv,转速未超限,D,"1、检查超速对应的安全链回路接线有无松动
2、检查超速对应的安全链继电器和底座有无松动"
77,019#,\\Imzspc1065\故障数据汇总\01010_SC_安全链叶轮超速故障\S1-20210124\Tracelog\24-07-13-05_05_12_746_01010_SafetyRotorOv.csv,超速继电器转速异常,C,"1、检查滑环编码器有无损坏
2、检查超速继电器1有无掉电或损坏"
78,032#,\\Imzspc1065\故障数据汇总\01010_SC_安全链叶轮超速故障\S1-20210124\Tracelog\24-07-14-11_48_54_217_01010_SafetyRotorOv.csv,超速继电器转速异常,C,"1、检查滑环编码器有无损坏
2、检查超速继电器1有无掉电或损坏"
79,025#,\\Imzspc1065\故障数据汇总\01010_SC_安全链叶轮超速故障\S1-20210124\Tracelog\24-07-15-11_36_47_842_01010_SafetyRotorOv.csv,转速未超限,D,"1、检查超速对应的安全链回路接线有无松动
2、检查超速对应的安全链继电器和底座有无松动"
80,042#,\\Imzspc1065\故障数据汇总\01010_SC_安全链叶轮超速故障\S1-20210124\Tracelog\24-07-15-16_05_02_363_01010_SafetyRotorOv.csv,超速继电器转速异常,C,"1、检查滑环编码器有无损坏
2、检查超速继电器1有无掉电或损坏"
81,029#,\\Imzspc1065\故障数据汇总\01010_SC_安全链叶轮超速故障\S1-20210124\Tracelog\24-07-15-16_49_11_684_01010_SafetyRotorOv.csv,超速继电器转速异常,C,"1、检查滑环编码器有无损坏
2、检查超速继电器1有无掉电或损坏"
82,004#,\\Imzspc1065\故障数据汇总\01010_SC_安全链叶轮超速故障\S1-20210124\Tracelog\24-07-17-14_27_19_379_01010_SafetyRotorOv.csv,滑环编码器转速规律波动,B,"1、检查梅花联轴器有无松动或损坏
2、检查滑环编码器屏蔽线有无异常 
3、检查CMS在线振动监测转速线有无干扰"
83,004#,\\Imzspc1065\故障数据汇总\01010_SC_安全链叶轮超速故障\S1-20210124\Tracelog\24-07-17-15_42_56_519_01010_SafetyRotorOv.csv,滑环编码器转速规律波动,B,"1、检查梅花联轴器有无松动或损坏
2、检查滑环编码器屏蔽线有无异常 
3、检查CMS在线振动监测转速线有无干扰"
84,004#,\\Imzspc1065\故障数据汇总\01010_SC_安全链叶轮超速故障\S1-20210124\Tracelog\24-07-17-18_04_58_359_01010_SafetyRotorOv.csv,滑环编码器转速规律波动,B,"1、检查梅花联轴器有无松动或损坏
2、检查滑环编码器屏蔽线有无异常 
3、检查CMS在线振动监测转速线有无干扰"
85,004#,\\Imzspc1065\故障数据汇总\01010_SC_安全链叶轮超速故障\S1-20210124\Tracelog\24-07-17-19_24_53_679_01010_SafetyRotorOv.csv,滑环编码器转速规律波动,B,"1、检查梅花联轴器有无松动或损坏
2、检查滑环编码器屏蔽线有无异常 
3、检查CMS在线振动监测转速线有无干扰"
86,004#,\\Imzspc1065\故障数据汇总\01010_SC_安全链叶轮超速故障\S1-20210124\Tracelog\24-07-17-21_28_34_959_01010_SafetyRotorOv.csv,滑环编码器转速规律波动,B,"1、检查梅花联轴器有无松动或损坏
2、检查滑环编码器屏蔽线有无异常 
3、检查CMS在线振动监测转速线有无干扰"
87,004#,\\Imzspc1065\故障数据汇总\01010_SC_安全链叶轮超速故障\S1-20210124\Tracelog\24-07-17-23_02_32_379_01010_SafetyRotorOv.csv,滑环编码器转速规律波动,B,"1、检查梅花联轴器有无松动或损坏
2、检查滑环编码器屏蔽线有无异常 
3、检查CMS在线振动监测转速线有无干扰"
88,032#,\\Imzspc1065\故障数据汇总\01010_SC_安全链叶轮超速故障\S1-20210124\Tracelog\24-07-21-08_34_52_77_01010_SafetyRotorOve.csv,超速继电器转速异常,C,"1、检查滑环编码器有无损坏
2、检查超速继电器1有无掉电或损坏"
89,032#,\\Imzspc1065\故障数据汇总\01010_SC_安全链叶轮超速故障\S1-20210124\Tracelog\24-07-28-06_48_30_317_01010_SafetyRotorOv.csv,超速继电器转速异常,C,"1、检查滑环编码器有无损坏
2、检查超速继电器1有无掉电或损坏"
90,024#,\\Imzspc1065\故障数据汇总\01010_SC_安全链叶轮超速故障\S1-20210124\Tracelog\24-07-28-07_04_58_550_01010_SafetyRotorOv.csv,超速继电器转速异常,C,"1、检查滑环编码器有无损坏
2、检查超速继电器1有无掉电或损坏"
91,013#,\\Imzspc1065\故障数据汇总\01010_SC_安全链叶轮超速故障\S1-20210124\Tracelog\24-08-12-17_23_50_69_01010_SafetyRotorOve.csv,超速继电器转速异常,C,"1、检查滑环编码器有无损坏
2、检查超速继电器1有无掉电或损坏"
93,022#,\\Imzspc1065\故障数据汇总\01010_SC_安全链叶轮超速故障\S1-20210124\Tracelog\24-08-17-13_09_56_421_01010_SafetyRotorOv.csv,滑环编码器转速跳变,A,"1、检查梅花联轴器有无松动或损坏
2、检查滑环编码器线束固定有无松动 
3、检查机舱吊机有无碰撞滑环止转杆"
94,022#,\\Imzspc1065\故障数据汇总\01010_SC_安全链叶轮超速故障\S1-20210124\Tracelog\24-08-17-19_14_57_740_01010_SafetyRotorOv.csv,滑环编码器转速跳变,A,"1、检查梅花联轴器有无松动或损坏
2、检查滑环编码器线束固定有无松动 
3、检查机舱吊机有无碰撞滑环止转杆"
95,022#,\\Imzspc1065\故障数据汇总\01010_SC_安全链叶轮超速故障\S1-20210124\Tracelog\24-08-19-13_45_09_240_01010_SafetyRotorOv.csv,滑环编码器转速规律波动,B,"1、检查梅花联轴器有无松动或损坏
2、检查滑环编码器屏蔽线有无异常 
3、检查CMS在线振动监测转速线有无干扰"
96,005#,\\Imzspc1065\故障数据汇总\01010_SC_安全链叶轮超速故障\S1-20210124\Tracelog\24-09-05-23_20_39_719_01010_SafetyRotorOv.csv,滑环编码器转速规律波动,B,"1、检查梅花联轴器有无松动或损坏
2、检查滑环编码器屏蔽线有无异常 
3、检查CMS在线振动监测转速线有无干扰"
97,005#,\\Imzspc1065\故障数据汇总\01010_SC_安全链叶轮超速故障\S1-20210124\Tracelog\24-09-07-14_24_43_850_01010_SafetyRotorOv.csv,滑环编码器转速规律波动,B,"1、检查梅花联轴器有无松动或损坏
2、检查滑环编码器屏蔽线有无异常 
3、检查CMS在线振动监测转速线有无干扰"
98,005#,\\Imzspc1065\故障数据汇总\01010_SC_安全链叶轮超速故障\S1-20210124\Tracelog\24-09-18-06_30_06_79_01010_SafetyRotorOve.csv,滑环编码器转速规律波动,B,"1、检查梅花联轴器有无松动或损坏
2、检查滑环编码器屏蔽线有无异常 
3、检查CMS在线振动监测转速线有无干扰"
99,005#,\\Imzspc1065\故障数据汇总\01010_SC_安全链叶轮超速故障\S1-20210124\Tracelog\24-09-18-06_57_35_600_01010_SafetyRotorOv.csv,滑环编码器转速规律波动,B,"1、检查梅花联轴器有无松动或损坏
2、检查滑环编码器屏蔽线有无异常 
3、检查CMS在线振动监测转速线有无干扰"
100,005#,\\Imzspc1065\故障数据汇总\01010_SC_安全链叶轮超速故障\S1-20210124\Tracelog\24-09-18-07_24_54_439_01010_SafetyRotorOv.csv,滑环编码器转速规律波动,B,"1、检查梅花联轴器有无松动或损坏
2、检查滑环编码器屏蔽线有无异常 
3、检查CMS在线振动监测转速线有无干扰"
101,021#,\\Imzspc1065\故障数据汇总\01010_SC_安全链叶轮超速故障\S1-20210124\Tracelog\24-09-19-15_31_41_77_01010_SafetyRotorOve.csv,滑环编码器转速规律波动,B,"1、检查梅花联轴器有无松动或损坏
2、检查滑环编码器屏蔽线有无异常 
3、检查CMS在线振动监测转速线有无干扰"
102,021#,\\Imzspc1065\故障数据汇总\01010_SC_安全链叶轮超速故障\S1-20210124\Tracelog\24-09-19-17_57_14_597_01010_SafetyRotorOv.csv,滑环编码器转速规律波动,B,"1、检查梅花联轴器有无松动或损坏
2、检查滑环编码器屏蔽线有无异常 
3、检查CMS在线振动监测转速线有无干扰"
103,013#,\\Imzspc1065\故障数据汇总\01010_SC_安全链叶轮超速故障\S1-20210124\Tracelog\24-09-22-14_00_38_659_01010_SafetyRotorOv.csv,滑环编码器转速规律波动,B,"1、检查梅花联轴器有无松动或损坏
2、检查滑环编码器屏蔽线有无异常 
3、检查CMS在线振动监测转速线有无干扰"
104,013#,\\Imzspc1065\故障数据汇总\01010_SC_安全链叶轮超速故障\S1-20210124\Tracelog\24-09-23-13_59_49_209_01010_SafetyRotorOv.csv,滑环编码器转速规律波动,B,"1、检查梅花联轴器有无松动或损坏
2、检查滑环编码器屏蔽线有无异常 
3、检查CMS在线振动监测转速线有无干扰"
105,013#,\\Imzspc1065\故障数据汇总\01010_SC_安全链叶轮超速故障\S1-20210124\Tracelog\24-09-23-18_36_09_259_01010_SafetyRotorOv.csv,滑环编码器转速规律波动,B,"1、检查梅花联轴器有无松动或损坏
2、检查滑环编码器屏蔽线有无异常 
3、检查CMS在线振动监测转速线有无干扰"
106,004#,\\Imzspc1065\故障数据汇总\01010_SC_安全链叶轮超速故障\S1-20210124\Tracelog\24-10-02-04_05_30_500_01010_SafetyRotorOv.csv,超速继电器转速异常,C,"1、检查滑环编码器有无损坏
2、检查超速继电器1有无掉电或损坏"
107,013#,\\Imzspc1065\故障数据汇总\01010_SC_安全链叶轮超速故障\S1-20210124\Tracelog\24-10-02-06_39_42_450_01010_SafetyRotorOv.csv,滑环编码器转速规律波动,B,"1、检查梅花联轴器有无松动或损坏
2、检查滑环编码器屏蔽线有无异常 
3、检查CMS在线振动监测转速线有无干扰"
108,013#,\\Imzspc1065\故障数据汇总\01010_SC_安全链叶轮超速故障\S1-20210124\Tracelog\24-10-04-08_46_36_239_01010_SafetyRotorOv.csv,滑环编码器转速规律波动,B,"1、检查梅花联轴器有无松动或损坏
2、检查滑环编码器屏蔽线有无异常 
3、检查CMS在线振动监测转速线有无干扰"
109,021#,\\Imzspc1065\故障数据汇总\01010_SC_安全链叶轮超速故障\S1-20210124\Tracelog\24-10-24-03_11_35_232_01010_SafetyRotorOv.csv,滑环编码器转速规律波动,B,"1、检查梅花联轴器有无松动或损坏
2、检查滑环编码器屏蔽线有无异常 
3、检查CMS在线振动监测转速线有无干扰"
110,021#,\\Imzspc1065\故障数据汇总\01010_SC_安全链叶轮超速故障\S1-20210124\Tracelog\24-10-25-02_44_39_95_01010_SafetyRotorOve.csv,滑环编码器转速规律波动,B,"1、检查梅花联轴器有无松动或损坏
2、检查滑环编码器屏蔽线有无异常 
3、检查CMS在线振动监测转速线有无干扰"
111,021#,\\Imzspc1065\故障数据汇总\01010_SC_安全链叶轮超速故障\S1-20210124\Tracelog\24-10-25-07_19_22_123_01010_SafetyRotorOv.csv,滑环编码器转速规律波动,B,"1、检查梅花联轴器有无松动或损坏
2、检查滑环编码器屏蔽线有无异常 
3、检查CMS在线振动监测转速线有无干扰"
112,013#,\\Imzspc1065\故障数据汇总\01010_SC_安全链叶轮超速故障\S1-20210124\Tracelog\24-10-25-07_26_12_750_01010_SafetyRotorOv.csv,滑环编码器转速规律波动,B,"1、检查梅花联轴器有无松动或损坏
2、检查滑环编码器屏蔽线有无异常 
3、检查CMS在线振动监测转速线有无干扰"
113,021#,\\Imzspc1065\故障数据汇总\01010_SC_安全链叶轮超速故障\S1-20210124\Tracelog\24-10-26-00_23_55_103_01010_SafetyRotorOv.csv,滑环编码器转速规律波动,B,"1、检查梅花联轴器有无松动或损坏
2、检查滑环编码器屏蔽线有无异常 
3、检查CMS在线振动监测转速线有无干扰"
114,021#,\\Imzspc1065\故障数据汇总\01010_SC_安全链叶轮超速故障\S1-20210124\Tracelog\24-10-26-00_57_24_883_01010_SafetyRotorOv.csv,滑环编码器转速规律波动,B,"1、检查梅花联轴器有无松动或损坏
2、检查滑环编码器屏蔽线有无异常 
3、检查CMS在线振动监测转速线有无干扰"
115,021#,\\Imzspc1065\故障数据汇总\01010_SC_安全链叶轮超速故障\S1-20210124\Tracelog\24-10-26-01_32_58_853_01010_SafetyRotorOv.csv,滑环编码器转速规律波动,B,"1、检查梅花联轴器有无松动或损坏
2、检查滑环编码器屏蔽线有无异常 
3、检查CMS在线振动监测转速线有无干扰"
116,021#,\\Imzspc1065\故障数据汇总\01010_SC_安全链叶轮超速故障\S1-20210124\Tracelog\24-10-26-02_20_39_393_01010_SafetyRotorOv.csv,滑环编码器转速规律波动,B,"1、检查梅花联轴器有无松动或损坏
2、检查滑环编码器屏蔽线有无异常 
3、检查CMS在线振动监测转速线有无干扰"
117,021#,\\Imzspc1065\故障数据汇总\01010_SC_安全链叶轮超速故障\S1-20210124\Tracelog\24-10-26-02_44_10_633_01010_SafetyRotorOv.csv,滑环编码器转速规律波动,B,"1、检查梅花联轴器有无松动或损坏
2、检查滑环编码器屏蔽线有无异常 
3、检查CMS在线振动监测转速线有无干扰"
118,021#,\\Imzspc1065\故障数据汇总\01010_SC_安全链叶轮超速故障\S1-20210124\Tracelog\24-10-27-20_42_14_413_01010_SafetyRotorOv.csv,滑环编码器转速规律波动,B,"1、检查梅花联轴器有无松动或损坏
2、检查滑环编码器屏蔽线有无异常 
3、检查CMS在线振动监测转速线有无干扰"
119,021#,\\Imzspc1065\故障数据汇总\01010_SC_安全链叶轮超速故障\S1-20210124\Tracelog\24-10-27-21_36_23_682_01010_SafetyRotorOv.csv,滑环编码器转速规律波动,B,"1、检查梅花联轴器有无松动或损坏
2、检查滑环编码器屏蔽线有无异常 
3、检查CMS在线振动监测转速线有无干扰"
120,041#,\\Imzspc1065\故障数据汇总\01010_SC_安全链叶轮超速故障\S1-20210124\Tracelog\24-10-29-00_26_00_173_01010_SafetyRotorOv.csv,滑环编码器转速规律波动,B,"1、检查梅花联轴器有无松动或损坏
2、检查滑环编码器屏蔽线有无异常 
3、检查CMS在线振动监测转速线有无干扰"
121,021#,\\Imzspc1065\故障数据汇总\01010_SC_安全链叶轮超速故障\S1-20210124\Tracelog\24-11-18-02_44_01_553_01010_SafetyRotorOv.csv,滑环编码器转速规律波动,B,"1、检查梅花联轴器有无松动或损坏
2、检查滑环编码器屏蔽线有无异常 
3、检查CMS在线振动监测转速线有无干扰"
122,021#,\\Imzspc1065\故障数据汇总\01010_SC_安全链叶轮超速故障\S1-20210124\Tracelog\24-11-18-03_26_54_473_01010_SafetyRotorOv.csv,滑环编码器转速规律波动,B,"1、检查梅花联轴器有无松动或损坏
2、检查滑环编码器屏蔽线有无异常 
3、检查CMS在线振动监测转速线有无干扰"
123,021#,\\Imzspc1065\故障数据汇总\01010_SC_安全链叶轮超速故障\S1-20210124\Tracelog\24-11-18-04_23_49_913_01010_SafetyRotorOv.csv,滑环编码器转速规律波动,B,"1、检查梅花联轴器有无松动或损坏
2、检查滑环编码器屏蔽线有无异常 
3、检查CMS在线振动监测转速线有无干扰"
124,034#,\\Imzspc1065\故障数据汇总\01010_SC_安全链叶轮超速故障\S1-20210124\Tracelog\24-11-19-23_32_17_863_01010_SafetyRotorOv.csv,滑环编码器转速规律波动,B,"1、检查梅花联轴器有无松动或损坏
2、检查滑环编码器屏蔽线有无异常 
3、检查CMS在线振动监测转速线有无干扰"
125,034#,\\Imzspc1065\故障数据汇总\01010_SC_安全链叶轮超速故障\S1-20210124\Tracelog\24-11-20-17_02_57_203_01010_SafetyRotorOv.csv,滑环编码器转速规律波动,B,"1、检查梅花联轴器有无松动或损坏
2、检查滑环编码器屏蔽线有无异常 
3、检查CMS在线振动监测转速线有无干扰"
126,021#,\\Imzspc1065\故障数据汇总\01010_SC_安全链叶轮超速故障\S1-20210124\Tracelog\24-12-06-00_59_02_603_01010_SafetyRotorOv.csv,滑环编码器转速规律波动,B,"1、检查梅花联轴器有无松动或损坏
2、检查滑环编码器屏蔽线有无异常 
3、检查CMS在线振动监测转速线有无干扰"
127,021#,\\Imzspc1065\故障数据汇总\01010_SC_安全链叶轮超速故障\S1-20210124\Tracelog\24-12-07-04_12_32_363_01010_SafetyRotorOv.csv,滑环编码器转速规律波动,B,"1、检查梅花联轴器有无松动或损坏
2、检查滑环编码器屏蔽线有无异常 
3、检查CMS在线振动监测转速线有无干扰"
128,021#,\\Imzspc1065\故障数据汇总\01010_SC_安全链叶轮超速故障\S1-20210124\Tracelog\24-12-07-09_30_03_993_01010_SafetyRotorOv.csv,滑环编码器转速规律波动,B,"1、检查梅花联轴器有无松动或损坏
2、检查滑环编码器屏蔽线有无异常 
3、检查CMS在线振动监测转速线有无干扰"
129,021#,\\Imzspc1065\故障数据汇总\01010_SC_安全链叶轮超速故障\S1-20210124\Tracelog\24-12-07-14_40_40_213_01010_SafetyRotorOv.csv,滑环编码器转速规律波动,B,"1、检查梅花联轴器有无松动或损坏
2、检查滑环编码器屏蔽线有无异常 
3、检查CMS在线振动监测转速线有无干扰"
130,010#,\\Imzspc1065\故障数据汇总\01010_SC_安全链叶轮超速故障\S1-20210124\Tracelog\24-12-07-17_01_59_989_01010_SafetyRotorOv.csv,超速继电器转速异常,C,"1、检查滑环编码器有无损坏
2、检查超速继电器1有无掉电或损坏"
131,021#,\\Imzspc1065\故障数据汇总\01010_SC_安全链叶轮超速故障\S1-20210124\Tracelog\24-12-09-19_22_58_343_01010_SafetyRotorOv.csv,滑环编码器转速规律波动,B,"1、检查梅花联轴器有无松动或损坏
2、检查滑环编码器屏蔽线有无异常 
3、检查CMS在线振动监测转速线有无干扰"
132,034#,\\Imzspc1065\故障数据汇总\01010_SC_安全链叶轮超速故障\S1-20210124\Tracelog\24-12-14-21_25_38_143_01010_SafetyRotorOv.csv,滑环编码器转速规律波动,B,"1、检查梅花联轴器有无松动或损坏
2、检查滑环编码器屏蔽线有无异常 
3、检查CMS在线振动监测转速线有无干扰"
133,034#,\\Imzspc1065\故障数据汇总\01010_SC_安全链叶轮超速故障\S1-20210124\Tracelog\24-12-14-21_37_31_343_01010_SafetyRotorOv.csv,滑环编码器转速规律波动,B,"1、检查梅花联轴器有无松动或损坏
2、检查滑环编码器屏蔽线有无异常 
3、检查CMS在线振动监测转速线有无干扰"
134,034#,\\Imzspc1065\故障数据汇总\01010_SC_安全链叶轮超速故障\S1-20210124\Tracelog\24-12-14-21_50_49_23_01010_SafetyRotorOve.csv,滑环编码器转速规律波动,B,"1、检查梅花联轴器有无松动或损坏
2、检查滑环编码器屏蔽线有无异常 
3、检查CMS在线振动监测转速线有无干扰"
135,041#,\\Imzspc1065\故障数据汇总\01010_SC_安全链叶轮超速故障\S1-20210124\Tracelog\25-01-03-11_03_19_73_01010_SafetyRotorOve.csv,滑环编码器转速规律波动,B,"1、检查梅花联轴器有无松动或损坏
2、检查滑环编码器屏蔽线有无异常 
3、检查CMS在线振动监测转速线有无干扰"
136,041#,\\Imzspc1065\故障数据汇总\01010_SC_安全链叶轮超速故障\S1-20210124\Tracelog\25-01-03-13_41_19_173_01010_SafetyRotorOv.csv,滑环编码器转速规律波动,B,"1、检查梅花联轴器有无松动或损坏
2、检查滑环编码器屏蔽线有无异常 
3、检查CMS在线振动监测转速线有无干扰"
137,041#,\\Imzspc1065\故障数据汇总\01010_SC_安全链叶轮超速故障\S1-20210124\Tracelog\25-01-03-15_21_11_393_01010_SafetyRotorOv.csv,滑环编码器转速规律波动,B,"1、检查梅花联轴器有无松动或损坏
2、检查滑环编码器屏蔽线有无异常 
3、检查CMS在线振动监测转速线有无干扰"
138,041#,\\Imzspc1065\故障数据汇总\01010_SC_安全链叶轮超速故障\S1-20210124\Tracelog\25-01-03-16_23_56_893_01010_SafetyRotorOv.csv,滑环编码器转速跳变,A,"1、检查梅花联轴器有无松动或损坏
2、检查滑环编码器线束固定有无松动 
3、检查机舱吊机有无碰撞滑环止转杆"
139,041#,\\Imzspc1065\故障数据汇总\01010_SC_安全链叶轮超速故障\S1-20210124\Tracelog\25-01-06-20_29_59_793_01010_SafetyRotorOv.csv,滑环编码器转速规律波动,B,"1、检查梅花联轴器有无松动或损坏
2、检查滑环编码器屏蔽线有无异常 
3、检查CMS在线振动监测转速线有无干扰"
140,041#,\\Imzspc1065\故障数据汇总\01010_SC_安全链叶轮超速故障\S1-20210124\Tracelog\25-01-06-23_46_05_393_01010_SafetyRotorOv.csv,滑环编码器转速规律波动,B,"1、检查梅花联轴器有无松动或损坏
2、检查滑环编码器屏蔽线有无异常 
3、检查CMS在线振动监测转速线有无干扰"
141,041#,\\Imzspc1065\故障数据汇总\01010_SC_安全链叶轮超速故障\S1-20210124\Tracelog\25-01-07-03_02_58_613_01010_SafetyRotorOv.csv,滑环编码器转速规律波动,B,"1、检查梅花联轴器有无松动或损坏
2、检查滑环编码器屏蔽线有无异常 
3、检查CMS在线振动监测转速线有无干扰"
142,017#,\\Imzspc1065\故障数据汇总\01010_SC_安全链叶轮超速故障\S1-20210124\Tracelog\25-01-14-20_20_21_300_01010_SafetyRotorOv.csv,滑环编码器转速规律波动,B,"1、检查梅花联轴器有无松动或损坏
2、检查滑环编码器屏蔽线有无异常 
3、检查CMS在线振动监测转速线有无干扰"
143,017#,\\Imzspc1065\故障数据汇总\01010_SC_安全链叶轮超速故障\S1-20210124\Tracelog\25-01-16-07_51_53_509_01010_SafetyRotorOv.csv,滑环编码器转速规律波动,B,"1、检查梅花联轴器有无松动或损坏
2、检查滑环编码器屏蔽线有无异常 
3、检查CMS在线振动监测转速线有无干扰"
144,009#,\\Imzspc1065\故障数据汇总\01010_SC_安全链叶轮超速故障\S1-20210124\Tracelog\25-01-19-02_41_12_459_01010_SafetyRotorOv.csv,超速继电器转速异常,C,"1、检查滑环编码器有无损坏
2、检查超速继电器1有无掉电或损坏"
145,009#,\\Imzspc1065\故障数据汇总\01010_SC_安全链叶轮超速故障\S1-20210124\Tracelog\25-01-20-09_47_05_159_01010_SafetyRotorOv.csv,超速继电器转速异常,C,"1、检查滑环编码器有无损坏
2、检查超速继电器1有无掉电或损坏"
146,041#,\\Imzspc1065\故障数据汇总\01010_SC_安全链叶轮超速故障\S1-20210124\Tracelog\25-01-21-19_22_20_733_01010_SafetyRotorOv.csv,滑环编码器转速规律波动,B,"1、检查梅花联轴器有无松动或损坏
2、检查滑环编码器屏蔽线有无异常 
3、检查CMS在线振动监测转速线有无干扰"
147,041#,\\Imzspc1065\故障数据汇总\01010_SC_安全链叶轮超速故障\S1-20210124\Tracelog\25-01-21-22_59_19_53_01010_SafetyRotorOve.csv,滑环编码器转速规律波动,B,"1、检查梅花联轴器有无松动或损坏
2、检查滑环编码器屏蔽线有无异常 
3、检查CMS在线振动监测转速线有无干扰"
148,041#,\\Imzspc1065\故障数据汇总\01010_SC_安全链叶轮超速故障\S1-20210124\Tracelog\25-01-22-01_09_53_813_01010_SafetyRotorOv.csv,滑环编码器转速规律波动,B,"1、检查梅花联轴器有无松动或损坏
2、检查滑环编码器屏蔽线有无异常 
3、检查CMS在线振动监测转速线有无干扰"
149,017#,\\Imzspc1065\故障数据汇总\01010_SC_安全链叶轮超速故障\S1-20210124\Tracelog\25-01-27-17_14_39_179_01010_SafetyRotorOv.csv,滑环编码器转速规律波动,B,"1、检查梅花联轴器有无松动或损坏
2、检查滑环编码器屏蔽线有无异常 
3、检查CMS在线振动监测转速线有无干扰"
150,017#,\\Imzspc1065\故障数据汇总\01010_SC_安全链叶轮超速故障\S1-20210124\Tracelog\25-01-27-17_22_16_619_01010_SafetyRotorOv.csv,滑环编码器转速规律波动,B,"1、检查梅花联轴器有无松动或损坏
2、检查滑环编码器屏蔽线有无异常 
3、检查CMS在线振动监测转速线有无干扰"
151,017#,\\Imzspc1065\故障数据汇总\01010_SC_安全链叶轮超速故障\S1-20210124\Tracelog\25-01-27-17_43_03_279_01010_SafetyRotorOv.csv,滑环编码器转速规律波动,B,"1、检查梅花联轴器有无松动或损坏
2、检查滑环编码器屏蔽线有无异常 
3、检查CMS在线振动监测转速线有无干扰"
152,017#,\\Imzspc1065\故障数据汇总\01010_SC_安全链叶轮超速故障\S1-20210124\Tracelog\25-01-28-19_44_30_359_01010_SafetyRotorOv.csv,滑环编码器转速规律波动,B,"1、检查梅花联轴器有无松动或损坏
2、检查滑环编码器屏蔽线有无异常 
3、检查CMS在线振动监测转速线有无干扰"
153,017#,\\Imzspc1065\故障数据汇总\01010_SC_安全链叶轮超速故障\S1-20210124\Tracelog\25-01-28-19_55_34_100_01010_SafetyRotorOv.csv,滑环编码器转速规律波动,B,"1、检查梅花联轴器有无松动或损坏
2、检查滑环编码器屏蔽线有无异常 
3、检查CMS在线振动监测转速线有无干扰"
154,017#,\\Imzspc1065\故障数据汇总\01010_SC_安全链叶轮超速故障\S1-20210124\Tracelog\25-02-10-09_00_53_709_01010_SafetyRotorOv.csv,滑环编码器转速规律波动,B,"1、检查梅花联轴器有无松动或损坏
2、检查滑环编码器屏蔽线有无异常 
3、检查CMS在线振动监测转速线有无干扰"
155,041#,\\Imzspc1065\故障数据汇总\01010_SC_安全链叶轮超速故障\S1-20210124\Tracelog\25-02-16-01_33_44_353_01010_SafetyRotorOv.csv,滑环编码器转速规律波动,B,"1、检查梅花联轴器有无松动或损坏
2、检查滑环编码器屏蔽线有无异常 
3、检查CMS在线振动监测转速线有无干扰"
156,041#,\\Imzspc1065\故障数据汇总\01010_SC_安全链叶轮超速故障\S1-20210124\Tracelog\25-02-16-13_28_08_753_01010_SafetyRotorOv.csv,滑环编码器转速跳变,A,"1、检查梅花联轴器有无松动或损坏
2、检查滑环编码器线束固定有无松动 
3、检查机舱吊机有无碰撞滑环止转杆"
157,030#,\\Imzspc1065\故障数据汇总\01010_SC_安全链叶轮超速故障\S1-20210124\Tracelog\25-06-16-08_58_06_703_01010_SafetyRotorOv.csv,滑环编码器转速规律波动,B,"1、检查梅花联轴器有无松动或损坏
2、检查滑环编码器屏蔽线有无异常 
3、检查CMS在线振动监测转速线有无干扰"
158,006#,\\Imzspc1065\故障数据汇总\01010_SC_安全链叶轮超速故障\S1-20210124\Tracelog\25-07-15-03_25_53_409_01010_SafetyRotorOv.csv,超速继电器转速异常,A,"1、检查滑环编码器有无损坏
2、检查超速继电器1有无掉电或损坏"
159,041#,\\Imzspc1065\故障数据汇总\01010_SC_安全链叶轮超速故障\S1-20210124\Tracelog\25-07-19-06_13_57_73_01010_SafetyRotorOve.csv,滑环编码器转速跳变,A,"1、检查梅花联轴器有无松动或损坏
2、检查滑环编码器线束固定有无松动 
3、检查机舱吊机有无碰撞滑环止转杆"
160,041#,\\Imzspc1065\故障数据汇总\01010_SC_安全链叶轮超速故障\S1-20210124\Tracelog\25-07-19-19_41_43_873_01010_SafetyRotorOv.csv,滑环编码器转速规律波动,B,"1、检查梅花联轴器有无松动或损坏
2、检查滑环编码器屏蔽线有无异常 
3、检查CMS在线振动监测转速线有无干扰"
161,041#,\\Imzspc1065\故障数据汇总\01010_SC_安全链叶轮超速故障\S1-20210124\Tracelog\25-07-21-14_35_32_713_01010_SafetyRotorOv.csv,滑环编码器转速规律波动,B,"1、检查梅花联轴器有无松动或损坏
2、检查滑环编码器屏蔽线有无异常 
3、检查CMS在线振动监测转速线有无干扰"
162,015#,\\Imzspc1065\故障数据汇总\01010_SC_安全链叶轮超速故障\S1-20210124\Tracelog\25-07-22-04_18_03_659_01010_SafetyRotorOv.csv,滑环编码器转速规律波动,B,"1、检查梅花联轴器有无松动或损坏
2、检查滑环编码器屏蔽线有无异常 
3、检查CMS在线振动监测转速线有无干扰"
163,041#,\\Imzspc1065\故障数据汇总\01010_SC_安全链叶轮超速故障\S1-20210124\Tracelog\25-08-03-11_38_20_141_01010_SafetyRotorOv.csv,滑环编码器转速规律波动,B,"1、检查梅花联轴器有无松动或损坏
2、检查滑环编码器屏蔽线有无异常 
3、检查CMS在线振动监测转速线有无干扰"
164,041#,\\Imzspc1065\故障数据汇总\01010_SC_安全链叶轮超速故障\S1-20210124\Tracelog\25-08-15-00_13_56_301_01010_SafetyRotorOv.csv,滑环编码器转速规律波动,B,"1、检查梅花联轴器有无松动或损坏
2、检查滑环编码器屏蔽线有无异常 
3、检查CMS在线振动监测转速线有无干扰"
165,041#,\\Imzspc1065\故障数据汇总\01010_SC_安全链叶轮超速故障\S1-20210124\Tracelog\25-08-15-02_48_11_281_01010_SafetyRotorOv.csv,滑环编码器转速规律波动,B,"1、检查梅花联轴器有无松动或损坏
2、检查滑环编码器屏蔽线有无异常 
3、检查CMS在线振动监测转速线有无干扰"
166,011#,\\Imzspc1065\故障数据汇总\01010_SC_安全链叶轮超速故障\S1-20210124\Tracelog\25-08-17-06_56_03_16_01010_SafetyRotorOve.csv,滑环编码器转速规律波动,B,"1、检查梅花联轴器有无松动或损坏
2、检查滑环编码器屏蔽线有无异常 
3、检查CMS在线振动监测转速线有无干扰"
167,011#,\\Imzspc1065\故障数据汇总\01010_SC_安全链叶轮超速故障\S1-20210124\Tracelog\25-08-17-10_20_37_406_01010_SafetyRotorOv.csv,滑环编码器转速规律波动,B,"1、检查梅花联轴器有无松动或损坏
2、检查滑环编码器屏蔽线有无异常 
3、检查CMS在线振动监测转速线有无干扰"
168,017#,\\Imzspc1065\故障数据汇总\01010_SC_安全链叶轮超速故障\S1-20210124\Tracelog\25-08-20-05_11_09_209_01010_SafetyRotorOv.csv,超速继电器转速异常,C,"1、检查滑环编码器有无损坏
2、检查超速继电器1有无掉电或损坏"
169,041#,\\Imzspc1065\故障数据汇总\01010_SC_安全链叶轮超速故障\S1-20210124\Tracelog\25-08-23-18_04_15_141_01010_SafetyRotorOv.csv,滑环编码器转速规律波动,B,"1、检查梅花联轴器有无松动或损坏
2、检查滑环编码器屏蔽线有无异常 
3、检查CMS在线振动监测转速线有无干扰"
170,041#,\\Imzspc1065\故障数据汇总\01010_SC_安全链叶轮超速故障\S1-20210124\Tracelog\25-08-23-22_01_35_401_01010_SafetyRotorOv.csv,滑环编码器转速规律波动,B,"1、检查梅花联轴器有无松动或损坏
2、检查滑环编码器屏蔽线有无异常 
3、检查CMS在线振动监测转速线有无干扰"
171,041#,\\Imzspc1065\故障数据汇总\01010_SC_安全链叶轮超速故障\S1-20210124\Tracelog\25-08-24-03_38_46_601_01010_SafetyRotorOv.csv,滑环编码器转速规律波动,B,"1、检查梅花联轴器有无松动或损坏
2、检查滑环编码器屏蔽线有无异常 
3、检查CMS在线振动监测转速线有无干扰"
172,044#,\\Imzspc1065\故障数据汇总\01010_SC_安全链叶轮超速故障\S1-20210124\Tracelog\25-08-24-13_05_38_29_01010_SafetyRotorOve.csv,滑环编码器转速跳变,A,"1、检查梅花联轴器有无松动或损坏
2、检查滑环编码器线束固定有无松动 
3、检查机舱吊机有无碰撞滑环止转杆"
173,044#,\\Imzspc1065\故障数据汇总\01010_SC_安全链叶轮超速故障\S1-20210124\Tracelog\25-08-24-13_37_33_529_01010_SafetyRotorOv.csv,滑环编码器转速跳变,A,"1、检查梅花联轴器有无松动或损坏
2、检查滑环编码器线束固定有无松动 
3、检查机舱吊机有无碰撞滑环止转杆"
174,044#,\\Imzspc1065\故障数据汇总\01010_SC_安全链叶轮超速故障\S1-20210124\Tracelog\25-08-24-14_17_47_829_01010_SafetyRotorOv.csv,滑环编码器转速跳变,A,"1、检查梅花联轴器有无松动或损坏
2、检查滑环编码器线束固定有无松动 
3、检查机舱吊机有无碰撞滑环止转杆"
175,022#,\\Imzspc1065\故障数据汇总\01010_SC_安全链叶轮超速故障\S1-20210124\Tracelog\25-08-25-04_59_11_787_01010_SafetyRotorOv.csv,滑环编码器转速规律波动,B,"1、检查梅花联轴器有无松动或损坏
2、检查滑环编码器屏蔽线有无异常 
3、检查CMS在线振动监测转速线有无干扰"
176,017#,\\Imzspc1065\故障数据汇总\01010_SC_安全链叶轮超速故障\S1-20210124\Tracelog\25-08-25-17_28_52_629_01010_SafetyRotorOv.csv,超速继电器转速异常,C,"1、检查滑环编码器有无损坏
2、检查超速继电器1有无掉电或损坏"
177,044#,\\Imzspc1065\故障数据汇总\01010_SC_安全链叶轮超速故障\S1-20210124\Tracelog\25-08-28-12_49_46_379_01010_SafetyRotorOv.csv,滑环编码器转速跳变,C,"1、检查梅花联轴器有无松动或损坏
2、检查滑环编码器线束固定有无松动 
3、检查机舱吊机有无碰撞滑环止转杆"
178,041#,\\Imzspc1065\故障数据汇总\01010_SC_安全链叶轮超速故障\S1-20210124\Tracelog\25-08-29-03_49_30_565_01010_SafetyRotorOv.csv,滑环编码器转速规律波动,B,"1、检查梅花联轴器有无松动或损坏
2、检查滑环编码器屏蔽线有无异常 
3、检查CMS在线振动监测转速线有无干扰"
179,022#,\\Imzspc1065\故障数据汇总\01010_SC_安全链叶轮超速故障\S1-20210124\Tracelog\25-09-07-21_40_04_307_01010_SafetyRotorOv.csv,滑环编码器转速规律波动,B,"1、检查梅花联轴器有无松动或损坏
2、检查滑环编码器屏蔽线有无异常 
3、检查CMS在线振动监测转速线有无干扰"
180,044#,\\Imzspc1065\故障数据汇总\01010_SC_安全链叶轮超速故障\S1-20210124\Tracelog\25-09-08-12_21_21_629_01010_SafetyRotorOv.csv,滑环编码器转速跳变,A,"1、检查梅花联轴器有无松动或损坏
2、检查滑环编码器线束固定有无松动 
3、检查机舱吊机有无碰撞滑环止转杆"
181,044#,\\Imzspc1065\故障数据汇总\01010_SC_安全链叶轮超速故障\S1-20210124\Tracelog\25-09-09-00_37_20_869_01010_SafetyRotorOv.csv,滑环编码器转速跳变,A,"1、检查梅花联轴器有无松动或损坏
2、检查滑环编码器线束固定有无松动 
3、检查机舱吊机有无碰撞滑环止转杆"
182,044#,\\Imzspc1065\故障数据汇总\01010_SC_安全链叶轮超速故障\S1-20210124\Tracelog\25-09-09-01_05_42_809_01010_SafetyRotorOv.csv,滑环编码器转速跳变,C,"1、检查梅花联轴器有无松动或损坏
2、检查滑环编码器线束固定有无松动 
3、检查机舱吊机有无碰撞滑环止转杆"
183,044#,\\Imzspc1065\故障数据汇总\01010_SC_安全链叶轮超速故障\S1-20210124\Tracelog\25-09-09-01_20_50_329_01010_SafetyRotorOv.csv,滑环编码器转速跳变,C,"1、检查梅花联轴器有无松动或损坏
2、检查滑环编码器线束固定有无松动 
3、检查机舱吊机有无碰撞滑环止转杆"
184,044#,\\Imzspc1065\故障数据汇总\01010_SC_安全链叶轮超速故障\S1-20210124\Tracelog\25-09-09-01_38_08_669_01010_SafetyRotorOv.csv,滑环编码器转速跳变,C,"1、检查梅花联轴器有无松动或损坏
2、检查滑环编码器线束固定有无松动 
3、检查机舱吊机有无碰撞滑环止转杆"
185,044#,\\Imzspc1065\故障数据汇总\01010_SC_安全链叶轮超速故障\S1-20210124\Tracelog\25-09-09-01_58_18_350_01010_SafetyRotorOv.csv,滑环编码器转速跳变,C,"1、检查梅花联轴器有无松动或损坏
2、检查滑环编码器线束固定有无松动 
3、检查机舱吊机有无碰撞滑环止转杆"
186,044#,\\Imzspc1065\故障数据汇总\01010_SC_安全链叶轮超速故障\S1-20210124\Tracelog\25-09-16-21_22_06_629_01010_SafetyRotorOv.csv,滑环编码器转速跳变,C,"1、检查梅花联轴器有无松动或损坏
2、检查滑环编码器线束固定有无松动 
3、检查机舱吊机有无碰撞滑环止转杆"
187,022#,\\Imzspc1065\故障数据汇总\01010_SC_安全链叶轮超速故障\S1-20210124\Tracelog\25-09-28-23_00_52_865_01010_SafetyRotorOv.csv,滑环编码器转速规律波动,B,"1、检查梅花联轴器有无松动或损坏
2、检查滑环编码器屏蔽线有无异常 
3、检查CMS在线振动监测转速线有无干扰"
188,022#,\\Imzspc1065\故障数据汇总\01010_SC_安全链叶轮超速故障\S1-20210124\Tracelog\25-09-29-06_49_11_785_01010_SafetyRotorOv.csv,滑环编码器转速规律波动,B,"1、检查梅花联轴器有无松动或损坏
2、检查滑环编码器屏蔽线有无异常 
3、检查CMS在线振动监测转速线有无干扰"
189,041#,\\Imzspc1065\故障数据汇总\01010_SC_安全链叶轮超速故障\S1-20210124\Tracelog\25-10-03-18_13_55_259_01010_SafetyRotorOv.csv,滑环编码器转速规律波动,B,"1、检查梅花联轴器有无松动或损坏
2、检查滑环编码器屏蔽线有无异常 
3、检查CMS在线振动监测转速线有无干扰"
190,005#,\\Imzspc1065\故障数据汇总\01010_SC_安全链叶轮超速故障\S1-20210124\Tracelog\25-10-04-19_52_51_589_01010_SafetyRotorOv.csv,滑环编码器转速规律波动,B,"1、检查梅花联轴器有无松动或损坏
2、检查滑环编码器屏蔽线有无异常 
3、检查CMS在线振动监测转速线有无干扰"
191,012#,\\Imzspc1065\故障数据汇总\01010_SC_安全链叶轮超速故障\S1-20210124\Tracelog\25-10-06-15_39_44_409_01010_SafetyRotorOv.csv,超速继电器转速异常,C,"1、检查滑环编码器有无损坏
2、检查超速继电器1有无掉电或损坏"
192,060#,\\Imzspc1065\故障数据汇总\01010_SC_安全链叶轮超速故障\S1-20220081\Tracelog\24-02-05-07_08_51_476_01010_SafetyRotorOv.csv,,B,
193,060#,\\Imzspc1065\故障数据汇总\01010_SC_安全链叶轮超速故障\S1-20220081\Tracelog\24-02-05-14_16_39_36_01010_SafetyRotorOve.csv,,A,
194,067#,\\Imzspc1065\故障数据汇总\01010_SC_安全链叶轮超速故障\S1-20220081\Tracelog\24-02-11-15_02_27_397_01010_SafetyRotorOv.csv,,B,
195,067#,\\Imzspc1065\故障数据汇总\01010_SC_安全链叶轮超速故障\S1-20220081\Tracelog\24-02-12-04_45_11_57_01010_SafetyRotorOve.csv,,B,
196,067#,\\Imzspc1065\故障数据汇总\01010_SC_安全链叶轮超速故障\S1-20220081\Tracelog\24-02-22-22_20_12_577_01010_SafetyRotorOv.csv,,B,
197,067#,\\Imzspc1065\故障数据汇总\01010_SC_安全链叶轮超速故障\S1-20220081\Tracelog\24-02-23-07_15_42_577_01010_SafetyRotorOv.csv,,B,
198,067#,\\Imzspc1065\故障数据汇总\01010_SC_安全链叶轮超速故障\S1-20220081\Tracelog\24-03-01-01_31_40_97_01010_SafetyRotorOve.csv,,B,
199,067#,\\Imzspc1065\故障数据汇总\01010_SC_安全链叶轮超速故障\S1-20220081\Tracelog\24-03-01-02_22_14_317_01010_SafetyRotorOv.csv,,B,
200,067#,\\Imzspc1065\故障数据汇总\01010_SC_安全链叶轮超速故障\S1-20220081\Tracelog\24-03-01-09_53_24_917_01010_SafetyRotorOv.csv,,B,
201,061#,\\Imzspc1065\故障数据汇总\01010_SC_安全链叶轮超速故障\S1-20220081\Tracelog\24-03-10-04_28_01_826_01010_SafetyRotorOv.csv,,B,
202,061#,\\Imzspc1065\故障数据汇总\01010_SC_安全链叶轮超速故障\S1-20220081\Tracelog\24-03-10-07_14_31_946_01010_SafetyRotorOv.csv,,B,
203,061#,\\Imzspc1065\故障数据汇总\01010_SC_安全链叶轮超速故障\S1-20220081\Tracelog\24-03-10-08_22_29_446_01010_SafetyRotorOv.csv,,B,
204,061#,\\Imzspc1065\故障数据汇总\01010_SC_安全链叶轮超速故障\S1-20220081\Tracelog\24-03-10-09_50_03_646_01010_SafetyRotorOv.csv,,B,
205,070#,\\Imzspc1065\故障数据汇总\01010_SC_安全链叶轮超速故障\S1-20220081\Tracelog\24-04-05-23_58_23_19_01010_SafetyRotorOve.csv,,C,
206,088#,\\Imzspc1065\故障数据汇总\01010_SC_安全链叶轮超速故障\S1-20220081\Tracelog\24-04-07-16_36_52_0_01010_SCfetyRotorOver.csv,,C,
207,070#,\\Imzspc1065\故障数据汇总\01010_SC_安全链叶轮超速故障\S1-20220081\Tracelog\24-04-07-22_16_10_759_01010_SafetyRotorOv.csv,,C,
208,077#,\\Imzspc1065\故障数据汇总\01010_SC_安全链叶轮超速故障\S1-20220081\Tracelog\24-04-09-08_45_47_969_01010_SafetyRotorOv.csv,,B,
209,077#,\\Imzspc1065\故障数据汇总\01010_SC_安全链叶轮超速故障\S1-20220081\Tracelog\24-04-09-13_29_46_229_01010_SafetyRotorOv.csv,,B,
210,077#,\\Imzspc1065\故障数据汇总\01010_SC_安全链叶轮超速故障\S1-20220081\Tracelog\24-04-09-13_53_32_69_01010_SafetyRotorOve.csv,,B,
211,077#,\\Imzspc1065\故障数据汇总\01010_SC_安全链叶轮超速故障\S1-20220081\Tracelog\24-04-09-14_16_43_129_01010_SafetyRotorOv.csv,,B,
212,084#,\\Imzspc1065\故障数据汇总\01010_SC_安全链叶轮超速故障\S1-20220081\Tracelog\24-04-09-19_23_07_329_01010_SafetyRotorOv.csv,,B,
213,084#,\\Imzspc1065\故障数据汇总\01010_SC_安全链叶轮超速故障\S1-20220081\Tracelog\24-04-10-05_43_58_9_01010_SCfetyRotorOver.csv,,B,
214,100#,\\Imzspc1065\故障数据汇总\01010_SC_安全链叶轮超速故障\S1-20220081\Tracelog\24-04-14-03_39_33_997_01010_SafetyRotorOv.csv,,A,
215,077#,\\Imzspc1065\故障数据汇总\01010_SC_安全链叶轮超速故障\S1-20220081\Tracelog\24-04-18-13_25_03_761_01010_SafetyRotorOv.csv,,B,
216,103#,\\Imzspc1065\故障数据汇总\01010_SC_安全链叶轮超速故障\S1-20220081\Tracelog\24-04-21-13_24_21_937_01010_SafetyRotorOv.csv,,C,
217,103#,\\Imzspc1065\故障数据汇总\01010_SC_安全链叶轮超速故障\S1-20220081\Tracelog\24-04-21-16_41_13_797_01010_SafetyRotorOv.csv,,B,
218,082#,\\Imzspc1065\故障数据汇总\01010_SC_安全链叶轮超速故障\S1-20220081\Tracelog\24-04-21-17_05_12_588_01010_SafetyRotorOv.csv,,A,
219,068#,\\Imzspc1065\故障数据汇总\01010_SC_安全链叶轮超速故障\S1-20220081\Tracelog\24-04-23-09_53_56_527_01010_SafetyRotorOv.csv,,A,
220,092#,\\Imzspc1065\故障数据汇总\01010_SC_安全链叶轮超速故障\S1-20220081\Tracelog\24-04-23-10_35_43_684_01010_SafetyRotorOv.csv,,C,
221,094#,\\Imzspc1065\故障数据汇总\01010_SC_安全链叶轮超速故障\S1-20220081\Tracelog\24-04-23-10_37_58_49_01010_SafetyRotorOve.csv,,C,
222,062#,\\Imzspc1065\故障数据汇总\01010_SC_安全链叶轮超速故障\S1-20220081\Tracelog\24-04-23-12_34_01_315_01010_SafetyRotorOv.csv,,A,
223,089#,\\Imzspc1065\故障数据汇总\01010_SC_安全链叶轮超速故障\S1-20220081\Tracelog\24-04-23-15_34_37_81_01010_SafetyRotorOve.csv,,B,
224,062#,\\Imzspc1065\故障数据汇总\01010_SC_安全链叶轮超速故障\S1-20220081\Tracelog\24-04-23-15_47_30_209_01010_SafetyRotorOv.csv,,C,
225,068#,\\Imzspc1065\故障数据汇总\01010_SC_安全链叶轮超速故障\S1-20220081\Tracelog\24-04-23-19_52_39_147_01010_SafetyRotorOv.csv,,A,
226,068#,\\Imzspc1065\故障数据汇总\01010_SC_安全链叶轮超速故障\S1-20220081\Tracelog\24-04-23-21_22_59_367_01010_SafetyRotorOv.csv,,B,
227,089#,\\Imzspc1065\故障数据汇总\01010_SC_安全链叶轮超速故障\S1-20220081\Tracelog\24-04-23-23_06_44_705_01010_SafetyRotorOv.csv,,B,
228,089#,\\Imzspc1065\故障数据汇总\01010_SC_安全链叶轮超速故障\S1-20220081\Tracelog\24-04-24-00_30_55_505_01010_SafetyRotorOv.csv,,B,
229,089#,\\Imzspc1065\故障数据汇总\01010_SC_安全链叶轮超速故障\S1-20220081\Tracelog\24-04-24-00_48_06_625_01010_SafetyRotorOv.csv,,B,
230,095#,\\Imzspc1065\故障数据汇总\01010_SC_安全链叶轮超速故障\S1-20220081\Tracelog\24-04-26-03_04_58_209_01010_SafetyRotorOv.csv,,B,
231,081#,\\Imzspc1065\故障数据汇总\01010_SC_安全链叶轮超速故障\S1-20220081\Tracelog\24-04-26-08_55_57_50_01010_SafetyRotorOve.csv,,B,
232,093#,\\Imzspc1065\故障数据汇总\01010_SC_安全链叶轮超速故障\S1-20220081\Tracelog\24-04-26-14_41_33_889_01010_SafetyRotorOv.csv,,B,
233,095#,\\Imzspc1065\故障数据汇总\01010_SC_安全链叶轮超速故障\S1-20220081\Tracelog\24-04-26-19_08_58_329_01010_SafetyRotorOv.csv,,B,
234,095#,\\Imzspc1065\故障数据汇总\01010_SC_安全链叶轮超速故障\S1-20220081\Tracelog\24-04-26-20_05_50_450_01010_SafetyRotorOv.csv,,B,
235,095#,\\Imzspc1065\故障数据汇总\01010_SC_安全链叶轮超速故障\S1-20220081\Tracelog\24-04-26-20_20_02_469_01010_SafetyRotorOv.csv,,B,
236,095#,\\Imzspc1065\故障数据汇总\01010_SC_安全链叶轮超速故障\S1-20220081\Tracelog\24-04-26-21_04_30_509_01010_SafetyRotorOv.csv,,B,
237,095#,\\Imzspc1065\故障数据汇总\01010_SC_安全链叶轮超速故障\S1-20220081\Tracelog\24-04-27-00_24_03_129_01010_SafetyRotorOv.csv,,B,
238,065#,\\Imzspc1065\故障数据汇总\01010_SC_安全链叶轮超速故障\S1-20220081\Tracelog\24-04-27-00_30_16_76_01010_SafetyRotorOve.csv,,B,
239,095#,\\Imzspc1065\故障数据汇总\01010_SC_安全链叶轮超速故障\S1-20220081\Tracelog\24-04-27-08_50_13_50_01010_SafetyRotorOve.csv,,B,
240,081#,\\Imzspc1065\故障数据汇总\01010_SC_安全链叶轮超速故障\S1-20220081\Tracelog\24-04-27-22_09_49_750_01010_SafetyRotorOv.csv,,B,
241,081#,\\Imzspc1065\故障数据汇总\01010_SC_安全链叶轮超速故障\S1-20220081\Tracelog\24-04-28-04_22_34_889_01010_SafetyRotorOv.csv,,B,
242,081#,\\Imzspc1065\故障数据汇总\01010_SC_安全链叶轮超速故障\S1-20220081\Tracelog\24-04-28-07_01_10_709_01010_SafetyRotorOv.csv,,B,
243,102#,\\Imzspc1065\故障数据汇总\01010_SC_安全链叶轮超速故障\S1-20220081\Tracelog\24-04-28-08_30_05_489_01010_SafetyRotorOv.csv,,A,
244,081#,\\Imzspc1065\故障数据汇总\01010_SC_安全链叶轮超速故障\S1-20220081\Tracelog\24-04-28-09_48_48_189_01010_SafetyRotorOv.csv,,B,
245,081#,\\Imzspc1065\故障数据汇总\01010_SC_安全链叶轮超速故障\S1-20220081\Tracelog\24-04-30-11_14_52_89_01010_SafetyRotorOve.csv,,B,
246,090#,\\Imzspc1065\故障数据汇总\01010_SC_安全链叶轮超速故障\S1-20220081\Tracelog\24-04-30-15_26_47_366_01010_SafetyRotorOv.csv,,B,
247,102#,\\Imzspc1065\故障数据汇总\01010_SC_安全链叶轮超速故障\S1-20220081\Tracelog\24-04-30-17_57_01_689_01010_SafetyRotorOv.csv,,B,
248,102#,\\Imzspc1065\故障数据汇总\01010_SC_安全链叶轮超速故障\S1-20220081\Tracelog\24-04-30-18_49_27_889_01010_SafetyRotorOv.csv,,C,
249,102#,\\Imzspc1065\故障数据汇总\01010_SC_安全链叶轮超速故障\S1-20220081\Tracelog\24-04-30-20_32_06_889_01010_SafetyRotorOv.csv,,B,
250,102#,\\Imzspc1065\故障数据汇总\01010_SC_安全链叶轮超速故障\S1-20220081\Tracelog\24-04-30-20_49_10_129_01010_SafetyRotorOv.csv,,B,
251,081#,\\Imzspc1065\故障数据汇总\01010_SC_安全链叶轮超速故障\S1-20220081\Tracelog\24-05-01-05_00_01_69_01010_SafetyRotorOve.csv,,B,
252,081#,\\Imzspc1065\故障数据汇总\01010_SC_安全链叶轮超速故障\S1-20220081\Tracelog\24-05-02-03_48_52_489_01010_SafetyRotorOv.csv,,B,
253,081#,\\Imzspc1065\故障数据汇总\01010_SC_安全链叶轮超速故障\S1-20220081\Tracelog\24-05-02-10_41_49_169_01010_SafetyRotorOv.csv,,B,
254,081#,\\Imzspc1065\故障数据汇总\01010_SC_安全链叶轮超速故障\S1-20220081\Tracelog\24-05-02-14_42_21_309_01010_SafetyRotorOv.csv,,B,
255,090#,\\Imzspc1065\故障数据汇总\01010_SC_安全链叶轮超速故障\S1-20220081\Tracelog\24-05-02-16_14_52_286_01010_SafetyRotorOv.csv,,B,
256,081#,\\Imzspc1065\故障数据汇总\01010_SC_安全链叶轮超速故障\S1-20220081\Tracelog\24-05-02-18_10_48_329_01010_SafetyRotorOv.csv,,D,
257,072#,\\Imzspc1065\故障数据汇总\01010_SC_安全链叶轮超速故障\S1-20220081\Tracelog\24-05-05-15_33_16_500_01010_SafetyRotorOv.csv,,B,
258,060#,\\Imzspc1065\故障数据汇总\01010_SC_安全链叶轮超速故障\S1-20220081\Tracelog\24-05-09-17_58_50_132_01010_SafetyRotorOv.csv,,B,
259,060#,\\Imzspc1065\故障数据汇总\01010_SC_安全链叶轮超速故障\S1-20220081\Tracelog\24-05-09-20_29_32_652_01010_SafetyRotorOv.csv,,B,
260,060#,\\Imzspc1065\故障数据汇总\01010_SC_安全链叶轮超速故障\S1-20220081\Tracelog\24-05-15-11_54_09_572_01010_SafetyRotorOv.csv,,A,
261,104#,\\Imzspc1065\故障数据汇总\01010_SC_安全链叶轮超速故障\S1-20220081\Tracelog\24-05-29-00_17_42_184_01010_SafetyRotorOv.csv,,B,
262,104#,\\Imzspc1065\故障数据汇总\01010_SC_安全链叶轮超速故障\S1-20220081\Tracelog\24-05-29-04_53_32_303_01010_SafetyRotorOv.csv,,B,
263,104#,\\Imzspc1065\故障数据汇总\01010_SC_安全链叶轮超速故障\S1-20220081\Tracelog\24-05-29-06_59_44_763_01010_SafetyRotorOv.csv,,B,
264,104#,\\Imzspc1065\故障数据汇总\01010_SC_安全链叶轮超速故障\S1-20220081\Tracelog\24-05-29-09_38_09_884_01010_SafetyRotorOv.csv,,B,
265,095#,\\Imzspc1065\故障数据汇总\01010_SC_安全链叶轮超速故障\S1-20220081\Tracelog\24-06-03-03_30_04_710_01010_SafetyRotorOv.csv,,B,
266,095#,\\Imzspc1065\故障数据汇总\01010_SC_安全链叶轮超速故障\S1-20220081\Tracelog\24-06-03-03_38_26_130_01010_SafetyRotorOv.csv,,B,
267,095#,\\Imzspc1065\故障数据汇总\01010_SC_安全链叶轮超速故障\S1-20220081\Tracelog\24-06-03-04_04_05_151_01010_SafetyRotorOv.csv,,B,
268,095#,\\Imzspc1065\故障数据汇总\01010_SC_安全链叶轮超速故障\S1-20220081\Tracelog\24-06-05-16_19_56_144_01010_SafetyRotorOv.csv,,B,
269,095#,\\Imzspc1065\故障数据汇总\01010_SC_安全链叶轮超速故障\S1-20220081\Tracelog\24-06-05-17_10_11_124_01010_SafetyRotorOv.csv,,B,
270,095#,\\Imzspc1065\故障数据汇总\01010_SC_安全链叶轮超速故障\S1-20220081\Tracelog\24-06-17-21_52_52_164_01010_SafetyRotorOv.csv,,B,
271,095#,\\Imzspc1065\故障数据汇总\01010_SC_安全链叶轮超速故障\S1-20220081\Tracelog\24-06-18-00_20_56_164_01010_SafetyRotorOv.csv,,B,
272,095#,\\Imzspc1065\故障数据汇总\01010_SC_安全链叶轮超速故障\S1-20220081\Tracelog\24-06-19-22_20_02_584_01010_SafetyRotorOv.csv,,B,
273,077#,\\Imzspc1065\故障数据汇总\01010_SC_安全链叶轮超速故障\S1-20220081\Tracelog\24-06-19-22_59_26_339_01010_SafetyRotorOv.csv,,B,
274,077#,\\Imzspc1065\故障数据汇总\01010_SC_安全链叶轮超速故障\S1-20220081\Tracelog\24-06-20-20_57_32_579_01010_SafetyRotorOv.csv,,B,
275,077#,\\Imzspc1065\故障数据汇总\01010_SC_安全链叶轮超速故障\S1-20220081\Tracelog\24-06-21-21_56_59_339_01010_SafetyRotorOv.csv,,B,
276,077#,\\Imzspc1065\故障数据汇总\01010_SC_安全链叶轮超速故障\S1-20220081\Tracelog\24-06-22-14_56_50_299_01010_SafetyRotorOv.csv,,B,
277,077#,\\Imzspc1065\故障数据汇总\01010_SC_安全链叶轮超速故障\S1-20220081\Tracelog\24-06-23-01_03_48_719_01010_SafetyRotorOv.csv,,B,
278,077#,\\Imzspc1065\故障数据汇总\01010_SC_安全链叶轮超速故障\S1-20220081\Tracelog\24-06-23-01_27_54_679_01010_SafetyRotorOv.csv,,B,
279,077#,\\Imzspc1065\故障数据汇总\01010_SC_安全链叶轮超速故障\S1-20220081\Tracelog\24-06-23-01_49_00_159_01010_SafetyRotorOv.csv,,B,
280,077#,\\Imzspc1065\故障数据汇总\01010_SC_安全链叶轮超速故障\S1-20220081\Tracelog\24-06-23-02_15_15_839_01010_SafetyRotorOv.csv,,B,
281,077#,\\Imzspc1065\故障数据汇总\01010_SC_安全链叶轮超速故障\S1-20220081\Tracelog\24-06-23-09_20_30_919_01010_SafetyRotorOv.csv,,B,
282,077#,\\Imzspc1065\故障数据汇总\01010_SC_安全链叶轮超速故障\S1-20220081\Tracelog\24-06-23-10_09_47_259_01010_SafetyRotorOv.csv,,B,
283,077#,\\Imzspc1065\故障数据汇总\01010_SC_安全链叶轮超速故障\S1-20220081\Tracelog\24-06-23-10_20_35_899_01010_SafetyRotorOv.csv,,B,
284,099#,\\Imzspc1065\故障数据汇总\01010_SC_安全链叶轮超速故障\S1-20220081\Tracelog\24-06-25-23_49_54_243_01010_SafetyRotorOv.csv,,B,
285,099#,\\Imzspc1065\故障数据汇总\01010_SC_安全链叶轮超速故障\S1-20220081\Tracelog\24-06-26-00_23_37_223_01010_SafetyRotorOv.csv,,C,
286,080#,\\Imzspc1065\故障数据汇总\01010_SC_安全链叶轮超速故障\S1-20220081\Tracelog\24-06-27-15_12_37_672_01010_SafetyRotorOv.csv,,A,
287,095#,\\Imzspc1065\故障数据汇总\01010_SC_安全链叶轮超速故障\S1-20220081\Tracelog\24-06-29-12_09_28_524_01010_SafetyRotorOv.csv,,B,
288,089#,\\Imzspc1065\故障数据汇总\01010_SC_安全链叶轮超速故障\S1-20220081\Tracelog\24-06-29-17_22_19_91_01010_SafetyRotorOve.csv,,B,
289,072#,\\Imzspc1065\故障数据汇总\01010_SC_安全链叶轮超速故障\S1-20220081\Tracelog\24-06-29-21_33_07_543_01010_SafetyRotorOv.csv,,B,
290,072#,\\Imzspc1065\故障数据汇总\01010_SC_安全链叶轮超速故障\S1-20220081\Tracelog\24-06-29-22_09_51_583_01010_SafetyRotorOv.csv,,B,
291,072#,\\Imzspc1065\故障数据汇总\01010_SC_安全链叶轮超速故障\S1-20220081\Tracelog\24-06-30-11_37_11_964_01010_SafetyRotorOv.csv,,B,
292,094#,\\Imzspc1065\故障数据汇总\01010_SC_安全链叶轮超速故障\S1-20220081\Tracelog\24-07-25-12_37_30_549_01010_SafetyRotorOv.csv,,B,
293,094#,\\Imzspc1065\故障数据汇总\01010_SC_安全链叶轮超速故障\S1-20220081\Tracelog\24-07-25-14_26_05_649_01010_SafetyRotorOv.csv,,B,
294,094#,\\Imzspc1065\故障数据汇总\01010_SC_安全链叶轮超速故障\S1-20220081\Tracelog\24-07-25-14_53_52_189_01010_SafetyRotorOv.csv,,B,
295,086#,\\Imzspc1065\故障数据汇总\01010_SC_安全链叶轮超速故障\S1-20220081\Tracelog\24-07-29-00_13_43_673_01010_SafetyRotorOv.csv,,B,
296,086#,\\Imzspc1065\故障数据汇总\01010_SC_安全链叶轮超速故障\S1-20220081\Tracelog\24-07-29-00_59_20_373_01010_SafetyRotorOv.csv,,B,
297,086#,\\Imzspc1065\故障数据汇总\01010_SC_安全链叶轮超速故障\S1-20220081\Tracelog\24-07-29-19_29_02_813_01010_SafetyRotorOv.csv,,B,
298,086#,\\Imzspc1065\故障数据汇总\01010_SC_安全链叶轮超速故障\S1-20220081\Tracelog\24-08-06-09_31_09_743_01010_SafetyRotorOv.csv,,B,
299,086#,\\Imzspc1065\故障数据汇总\01010_SC_安全链叶轮超速故障\S1-20220081\Tracelog\24-08-07-16_07_11_933_01010_SafetyRotorOv.csv,,B,
300,081#,\\Imzspc1065\故障数据汇总\01010_SC_安全链叶轮超速故障\S1-20220081\Tracelog\24-08-18-07_48_00_98_01010_SafetyRotorOve.csv,,B,
301,081#,\\Imzspc1065\故障数据汇总\01010_SC_安全链叶轮超速故障\S1-20220081\Tracelog\24-08-18-09_08_54_158_01010_SafetyRotorOv.csv,,B,
302,096#,\\Imzspc1065\故障数据汇总\01010_SC_安全链叶轮超速故障\S1-20220081\Tracelog\24-08-18-09_13_45_502_01010_SafetyRotorOv.csv,,B,
303,096#,\\Imzspc1065\故障数据汇总\01010_SC_安全链叶轮超速故障\S1-20220081\Tracelog\24-08-18-09_37_40_22_01010_SafetyRotorOve.csv,,B,
304,096#,\\Imzspc1065\故障数据汇总\01010_SC_安全链叶轮超速故障\S1-20220081\Tracelog\24-08-18-09_47_39_622_01010_SafetyRotorOv.csv,,B,
305,081#,\\Imzspc1065\故障数据汇总\01010_SC_安全链叶轮超速故障\S1-20220081\Tracelog\24-08-19-01_07_46_698_01010_SafetyRotorOv.csv,,B,
306,081#,\\Imzspc1065\故障数据汇总\01010_SC_安全链叶轮超速故障\S1-20220081\Tracelog\24-08-19-01_24_23_138_01010_SafetyRotorOv.csv,,B,
307,096#,\\Imzspc1065\故障数据汇总\01010_SC_安全链叶轮超速故障\S1-20220081\Tracelog\24-08-19-01_51_58_502_01010_SafetyRotorOv.csv,,B,
308,084#,\\Imzspc1065\故障数据汇总\01010_SC_安全链叶轮超速故障\S1-20220081\Tracelog\24-08-19-04_10_30_683_01010_SafetyRotorOv.csv,,B,
309,084#,\\Imzspc1065\故障数据汇总\01010_SC_安全链叶轮超速故障\S1-20220081\Tracelog\24-08-19-04_40_40_423_01010_SafetyRotorOv.csv,,B,
310,084#,\\Imzspc1065\故障数据汇总\01010_SC_安全链叶轮超速故障\S1-20220081\Tracelog\24-08-19-05_31_27_903_01010_SafetyRotorOv.csv,,B,
311,096#,\\Imzspc1065\故障数据汇总\01010_SC_安全链叶轮超速故障\S1-20220081\Tracelog\24-08-19-05_41_02_202_01010_SafetyRotorOv.csv,,B,
312,081#,\\Imzspc1065\故障数据汇总\01010_SC_安全链叶轮超速故障\S1-20220081\Tracelog\24-08-31-12_01_44_118_01010_SafetyRotorOv.csv,,B,
313,087#,\\Imzspc1065\故障数据汇总\01010_SC_安全链叶轮超速故障\S1-20220081\Tracelog\24-09-04-22_42_28_906_01010_SafetyRotorOv.csv,,B,
314,087#,\\Imzspc1065\故障数据汇总\01010_SC_安全链叶轮超速故障\S1-20220081\Tracelog\24-09-04-23_17_11_706_01010_SafetyRotorOv.csv,,B,
315,081#,\\Imzspc1065\故障数据汇总\01010_SC_安全链叶轮超速故障\S1-20220081\Tracelog\24-09-05-01_39_08_838_01010_SafetyRotorOv.csv,,B,
316,097#,\\Imzspc1065\故障数据汇总\01010_SC_安全链叶轮超速故障\S1-20220081\Tracelog\24-09-05-08_10_02_346_01010_SafetyRotorOv.csv,,B,
317,097#,\\Imzspc1065\故障数据汇总\01010_SC_安全链叶轮超速故障\S1-20220081\Tracelog\24-09-05-10_44_00_306_01010_SafetyRotorOv.csv,,B,
318,087#,\\Imzspc1065\故障数据汇总\01010_SC_安全链叶轮超速故障\S1-20220081\Tracelog\24-09-05-10_58_57_906_01010_SafetyRotorOv.csv,,B,
319,087#,\\Imzspc1065\故障数据汇总\01010_SC_安全链叶轮超速故障\S1-20220081\Tracelog\24-09-05-11_06_49_906_01010_SafetyRotorOv.csv,,B,
320,097#,\\Imzspc1065\故障数据汇总\01010_SC_安全链叶轮超速故障\S1-20220081\Tracelog\24-09-17-22_58_06_149_01010_SafetyRotorOv.csv,,B,
321,097#,\\Imzspc1065\故障数据汇总\01010_SC_安全链叶轮超速故障\S1-20220081\Tracelog\24-09-18-03_03_04_709_01010_SafetyRotorOv.csv,,B,
322,083#,\\Imzspc1065\故障数据汇总\01010_SC_安全链叶轮超速故障\S1-20220081\Tracelog\24-09-28-12_25_36_496_01010_SafetyRotorOv.csv,,A,
323,083#,\\Imzspc1065\故障数据汇总\01010_SC_安全链叶轮超速故障\S1-20220081\Tracelog\24-09-30-02_33_15_536_01010_SafetyRotorOv.csv,,B,
324,083#,\\Imzspc1065\故障数据汇总\01010_SC_安全链叶轮超速故障\S1-20220081\Tracelog\24-09-30-03_55_15_596_01010_SafetyRotorOv.csv,,A,
325,081#,\\Imzspc1065\故障数据汇总\01010_SC_安全链叶轮超速故障\S1-20220081\Tracelog\24-10-12-05_00_53_697_01010_SafetyRotorOv.csv,,B,
326,097#,\\Imzspc1065\故障数据汇总\01010_SC_安全链叶轮超速故障\S1-20220081\Tracelog\24-10-26-05_27_26_329_01010_SafetyRotorOv.csv,,B,
327,081#,\\Imzspc1065\故障数据汇总\01010_SC_安全链叶轮超速故障\S1-20220081\Tracelog\24-10-26-17_01_16_847_01010_SafetyRotorOv.csv,,B,
328,097#,\\Imzspc1065\故障数据汇总\01010_SC_安全链叶轮超速故障\S1-20220081\Tracelog\24-10-26-17_03_19_929_01010_SafetyRotorOv.csv,,B,
329,081#,\\Imzspc1065\故障数据汇总\01010_SC_安全链叶轮超速故障\S1-20220081\Tracelog\24-10-26-17_22_05_747_01010_SafetyRotorOv.csv,,B,
330,097#,\\Imzspc1065\故障数据汇总\01010_SC_安全链叶轮超速故障\S1-20220081\Tracelog\24-10-31-14_53_43_629_01010_SafetyRotorOv.csv,,B,
331,081#,\\Imzspc1065\故障数据汇总\01010_SC_安全链叶轮超速故障\S1-20220081\Tracelog\24-10-31-16_30_03_47_01010_SafetyRotorOve.csv,,B,
332,095#,\\Imzspc1065\故障数据汇总\01010_SC_安全链叶轮超速故障\S1-20220081\Tracelog\24-11-10-00_33_48_667_01010_SafetyRotorOv.csv,,B,
333,095#,\\Imzspc1065\故障数据汇总\01010_SC_安全链叶轮超速故障\S1-20220081\Tracelog\24-11-10-05_19_57_907_01010_SafetyRotorOv.csv,,B,
334,102#,\\Imzspc1065\故障数据汇总\01010_SC_安全链叶轮超速故障\S1-20220081\Tracelog\24-11-13-19_42_39_260_01010_SafetyRotorOv.csv,,B,
335,096#,\\Imzspc1065\故障数据汇总\01010_SC_安全链叶轮超速故障\S1-20220081\Tracelog\24-12-04-04_30_40_136_01010_SafetyRotorOv.csv,,B,
336,096#,\\Imzspc1065\故障数据汇总\01010_SC_安全链叶轮超速故障\S1-20220081\Tracelog\24-12-04-04_54_54_436_01010_SafetyRotorOv.csv,,B,
337,095#,\\Imzspc1065\故障数据汇总\01010_SC_安全链叶轮超速故障\S1-20220081\Tracelog\24-12-04-05_32_11_120_01010_SafetyRotorOv.csv,,A,
338,096#,\\Imzspc1065\故障数据汇总\01010_SC_安全链叶轮超速故障\S1-20220081\Tracelog\24-12-04-06_41_54_263_01010_SafetyRotorOv.csv,,B,
339,096#,\\Imzspc1065\故障数据汇总\01010_SC_安全链叶轮超速故障\S1-20220081\Tracelog\24-12-08-02_27_29_205_01010_SafetyRotorOv.csv,,B,
340,096#,\\Imzspc1065\故障数据汇总\01010_SC_安全链叶轮超速故障\S1-20220081\Tracelog\24-12-08-03_06_14_591_01010_SafetyRotorOv.csv,,B,
341,096#,\\Imzspc1065\故障数据汇总\01010_SC_安全链叶轮超速故障\S1-20220081\Tracelog\24-12-08-03_18_59_227_01010_SafetyRotorOv.csv,,B,
342,096#,\\Imzspc1065\故障数据汇总\01010_SC_安全链叶轮超速故障\S1-20220081\Tracelog\24-12-08-03_34_59_767_01010_SafetyRotorOv.csv,,B,
343,096#,\\Imzspc1065\故障数据汇总\01010_SC_安全链叶轮超速故障\S1-20220081\Tracelog\24-12-08-04_17_45_433_01010_SafetyRotorOv.csv,,B,
344,096#,\\Imzspc1065\故障数据汇总\01010_SC_安全链叶轮超速故障\S1-20220081\Tracelog\24-12-08-04_49_26_434_01010_SafetyRotorOv.csv,,B,
345,096#,\\Imzspc1065\故障数据汇总\01010_SC_安全链叶轮超速故障\S1-20220081\Tracelog\24-12-08-05_06_42_787_01010_SafetyRotorOv.csv,,B,
346,102#,\\Imzspc1065\故障数据汇总\01010_SC_安全链叶轮超速故障\S1-20220081\Tracelog\24-12-14-18_30_26_242_01010_SafetyRotorOv.csv,,B,
347,102#,\\Imzspc1065\故障数据汇总\01010_SC_安全链叶轮超速故障\S1-20220081\Tracelog\24-12-23-01_42_29_542_01010_SafetyRotorOv.csv,,B,
348,102#,\\Imzspc1065\故障数据汇总\01010_SC_安全链叶轮超速故障\S1-20220081\Tracelog\24-12-23-08_53_50_422_01010_SafetyRotorOv.csv,,B,
349,102#,\\Imzspc1065\故障数据汇总\01010_SC_安全链叶轮超速故障\S1-20220081\Tracelog\24-12-23-23_20_58_722_01010_SafetyRotorOv.csv,,B,
350,095#,\\Imzspc1065\故障数据汇总\01010_SC_安全链叶轮超速故障\S1-20220081\Tracelog\24-12-24-22_17_53_700_01010_SafetyRotorOv.csv,,B,
351,102#,\\Imzspc1065\故障数据汇总\01010_SC_安全链叶轮超速故障\S1-20220081\Tracelog\24-12-27-01_07_25_662_01010_SafetyRotorOv.csv,,B,
352,102#,\\Imzspc1065\故障数据汇总\01010_SC_安全链叶轮超速故障\S1-20220081\Tracelog\24-12-27-03_23_23_682_01010_SafetyRotorOv.csv,,B,
353,102#,\\Imzspc1065\故障数据汇总\01010_SC_安全链叶轮超速故障\S1-20220081\Tracelog\24-12-27-03_33_25_622_01010_SafetyRotorOv.csv,,B,
354,075#,\\Imzspc1065\故障数据汇总\01010_SC_安全链叶轮超速故障\S1-20220081\Tracelog\25-01-03-23_46_00_500_01010_SafetyRotorOv.csv,,B,
355,075#,\\Imzspc1065\故障数据汇总\01010_SC_安全链叶轮超速故障\S1-20220081\Tracelog\25-01-04-03_05_31_919_01010_SafetyRotorOv.csv,,B,
356,075#,\\Imzspc1065\故障数据汇总\01010_SC_安全链叶轮超速故障\S1-20220081\Tracelog\25-01-04-03_27_29_679_01010_SafetyRotorOv.csv,,B,
357,072#,\\Imzspc1065\故障数据汇总\01010_SC_安全链叶轮超速故障\S1-20220081\Tracelog\25-01-04-18_22_21_83_01010_SafetyRotorOve.csv,,A,
358,067#,\\Imzspc1065\故障数据汇总\01010_SC_安全链叶轮超速故障\S1-20220081\Tracelog\25-01-15-20_46_20_559_01010_SafetyRotorOv.csv,,B,
359,067#,\\Imzspc1065\故障数据汇总\01010_SC_安全链叶轮超速故障\S1-20220081\Tracelog\25-01-21-06_58_14_359_01010_SafetyRotorOv.csv,,B,
360,066#,\\Imzspc1065\故障数据汇总\01010_SC_安全链叶轮超速故障\S1-20220081\Tracelog\25-01-22-04_18_14_179_01010_SafetyRotorOv.csv,,B,
361,097#,\\Imzspc1065\故障数据汇总\01010_SC_安全链叶轮超速故障\S1-20220081\Tracelog\25-01-24-22_04_26_819_01010_SafetyRotorOv.csv,,B,
362,097#,\\Imzspc1065\故障数据汇总\01010_SC_安全链叶轮超速故障\S1-20220081\Tracelog\25-01-25-03_02_16_579_01010_SafetyRotorOv.csv,,B,
363,097#,\\Imzspc1065\故障数据汇总\01010_SC_安全链叶轮超速故障\S1-20220081\Tracelog\25-01-25-04_21_46_459_01010_SafetyRotorOv.csv,,B,
364,097#,\\Imzspc1065\故障数据汇总\01010_SC_安全链叶轮超速故障\S1-20220081\Tracelog\25-01-25-08_05_51_359_01010_SafetyRotorOv.csv,,B,
365,097#,\\Imzspc1065\故障数据汇总\01010_SC_安全链叶轮超速故障\S1-20220081\Tracelog\25-01-25-08_18_40_119_01010_SafetyRotorOv.csv,,B,
366,072#,\\Imzspc1065\故障数据汇总\01010_SC_安全链叶轮超速故障\S1-20220081\Tracelog\25-01-25-11_10_56_123_01010_SafetyRotorOv.csv,,B,
367,072#,\\Imzspc1065\故障数据汇总\01010_SC_安全链叶轮超速故障\S1-20220081\Tracelog\25-01-25-11_26_32_983_01010_SafetyRotorOv.csv,,B,
368,072#,\\Imzspc1065\故障数据汇总\01010_SC_安全链叶轮超速故障\S1-20220081\Tracelog\25-01-25-11_34_37_803_01010_SafetyRotorOv.csv,,B,
369,072#,\\Imzspc1065\故障数据汇总\01010_SC_安全链叶轮超速故障\S1-20220081\Tracelog\25-01-25-18_28_10_783_01010_SafetyRotorOv.csv,,B,
370,072#,\\Imzspc1065\故障数据汇总\01010_SC_安全链叶轮超速故障\S1-20220081\Tracelog\25-01-25-19_31_58_243_01010_SafetyRotorOv.csv,,B,
371,072#,\\Imzspc1065\故障数据汇总\01010_SC_安全链叶轮超速故障\S1-20220081\Tracelog\25-01-25-21_05_42_63_01010_SafetyRotorOve.csv,,B,
372,084#,\\Imzspc1065\故障数据汇总\01010_SC_安全链叶轮超速故障\S1-20220081\Tracelog\25-01-27-05_46_46_303_01010_SafetyRotorOv.csv,,A,
373,072#,\\Imzspc1065\故障数据汇总\01010_SC_安全链叶轮超速故障\S1-20220081\Tracelog\25-02-02-13_11_37_763_01010_SafetyRotorOv.csv,,B,
374,072#,\\Imzspc1065\故障数据汇总\01010_SC_安全链叶轮超速故障\S1-20220081\Tracelog\25-02-02-20_19_42_963_01010_SafetyRotorOv.csv,,B,
375,095#,\\Imzspc1065\故障数据汇总\01010_SC_安全链叶轮超速故障\S1-20220081\Tracelog\25-02-03-12_38_16_896_01010_SafetyRotorOv.csv,,B,
376,095#,\\Imzspc1065\故障数据汇总\01010_SC_安全链叶轮超速故障\S1-20220081\Tracelog\25-02-03-13_31_36_756_01010_SafetyRotorOv.csv,,B,
377,095#,\\Imzspc1065\故障数据汇总\01010_SC_安全链叶轮超速故障\S1-20220081\Tracelog\25-02-04-02_43_57_96_01010_SafetyRotorOve.csv,,B,
378,072#,\\Imzspc1065\故障数据汇总\01010_SC_安全链叶轮超速故障\S1-20220081\Tracelog\25-02-05-10_19_49_863_01010_SafetyRotorOv.csv,,B,
379,072#,\\Imzspc1065\故障数据汇总\01010_SC_安全链叶轮超速故障\S1-20220081\Tracelog\25-02-05-15_13_00_823_01010_SafetyRotorOv.csv,,B,
380,072#,\\Imzspc1065\故障数据汇总\01010_SC_安全链叶轮超速故障\S1-20220081\Tracelog\25-02-05-23_16_09_543_01010_SafetyRotorOv.csv,,B,
381,072#,\\Imzspc1065\故障数据汇总\01010_SC_安全链叶轮超速故障\S1-20220081\Tracelog\25-02-13-02_05_14_243_01010_SafetyRotorOv.csv,,B,
382,097#,\\Imzspc1065\故障数据汇总\01010_SC_安全链叶轮超速故障\S1-20220081\Tracelog\25-02-13-08_42_25_600_01010_SafetyRotorOv.csv,,B,
383,097#,\\Imzspc1065\故障数据汇总\01010_SC_安全链叶轮超速故障\S1-20220081\Tracelog\25-02-13-13_48_45_439_01010_SafetyRotorOv.csv,,B,
384,072#,\\Imzspc1065\故障数据汇总\01010_SC_安全链叶轮超速故障\S1-20220081\Tracelog\25-02-13-21_22_25_883_01010_SafetyRotorOv.csv,,B,
385,097#,\\Imzspc1065\故障数据汇总\01010_SC_安全链叶轮超速故障\S1-20220081\Tracelog\25-02-14-02_06_23_600_01010_SafetyRotorOv.csv,,B,
386,072#,\\Imzspc1065\故障数据汇总\01010_SC_安全链叶轮超速故障\S1-20220081\Tracelog\25-02-15-17_06_28_623_01010_SafetyRotorOv.csv,,A,
387,097#,\\Imzspc1065\故障数据汇总\01010_SC_安全链叶轮超速故障\S1-20220081\Tracelog\25-02-17-06_23_39_619_01010_SafetyRotorOv.csv,,B,
388,097#,\\Imzspc1065\故障数据汇总\01010_SC_安全链叶轮超速故障\S1-20220081\Tracelog\25-02-17-11_12_47_879_01010_SafetyRotorOv.csv,,B,
389,097#,\\Imzspc1065\故障数据汇总\01010_SC_安全链叶轮超速故障\S1-20220081\Tracelog\25-02-17-11_29_43_859_01010_SafetyRotorOv.csv,,B,
390,097#,\\Imzspc1065\故障数据汇总\01010_SC_安全链叶轮超速故障\S1-20220081\Tracelog\25-02-17-11_52_35_419_01010_SafetyRotorOv.csv,,B,
391,097#,\\Imzspc1065\故障数据汇总\01010_SC_安全链叶轮超速故障\S1-20220081\Tracelog\25-02-17-14_25_15_279_01010_SafetyRotorOv.csv,,B,
392,067#,\\Imzspc1065\故障数据汇总\01010_SC_安全链叶轮超速故障\S1-20220081\Tracelog\25-02-17-16_41_35_679_01010_SafetyRotorOv.csv,,B,
393,067#,\\Imzspc1065\故障数据汇总\01010_SC_安全链叶轮超速故障\S1-20220081\Tracelog\25-02-17-18_08_37_139_01010_SafetyRotorOv.csv,,B,
394,097#,\\Imzspc1065\故障数据汇总\01010_SC_安全链叶轮超速故障\S1-20220081\Tracelog\25-02-17-22_24_06_139_01010_SafetyRotorOv.csv,,B,
395,066#,\\Imzspc1065\故障数据汇总\01010_SC_安全链叶轮超速故障\S1-20220081\Tracelog\25-02-22-08_27_18_919_01010_SafetyRotorOv.csv,,B,
396,066#,\\Imzspc1065\故障数据汇总\01010_SC_安全链叶轮超速故障\S1-20220081\Tracelog\25-02-22-09_09_48_400_01010_SafetyRotorOv.csv,,A,
397,072#,\\Imzspc1065\故障数据汇总\01010_SC_安全链叶轮超速故障\S1-20220081\Tracelog\25-02-27-10_36_11_603_01010_SafetyRotorOv.csv,,A,
398,067#,\\Imzspc1065\故障数据汇总\01010_SC_安全链叶轮超速故障\S1-20220081\Tracelog\25-03-29-02_40_08_510_01010_SafetyRotorOv.csv,,B,
399,067#,\\Imzspc1065\故障数据汇总\01010_SC_安全链叶轮超速故障\S1-20220081\Tracelog\25-03-29-09_54_59_910_01010_SafetyRotorOv.csv,,B,
400,089#,\\Imzspc1065\故障数据汇总\01010_SC_安全链叶轮超速故障\S1-20220081\Tracelog\25-06-12-00_21_29_839_01010_SafetyRotorOv.csv,,B,
401,089#,\\Imzspc1065\故障数据汇总\01010_SC_安全链叶轮超速故障\S1-20220081\Tracelog\25-06-17-16_49_14_939_01010_SafetyRotorOv.csv,,A,
402,089#,\\Imzspc1065\故障数据汇总\01010_SC_安全链叶轮超速故障\S1-20220081\Tracelog\25-06-17-23_41_32_19_01010_SafetyRotorOve.csv,,B,
403,089#,\\Imzspc1065\故障数据汇总\01010_SC_安全链叶轮超速故障\S1-20220081\Tracelog\25-06-17-23_59_56_679_01010_SafetyRotorOv.csv,,B,
404,100#,\\Imzspc1065\故障数据汇总\01010_SC_安全链叶轮超速故障\S1-20220081\Tracelog\25-09-08-14_54_10_409_01010_SafetyRotorOv.csv,,B,
405,087#,\\Imzspc1065\故障数据汇总\01010_SC_安全链叶轮超速故障\S1-20220081\Tracelog\25-09-09-01_40_43_969_01010_SafetyRotorOv.csv,,B,
406,087#,\\Imzspc1065\故障数据汇总\01010_SC_安全链叶轮超速故障\S1-20220081\Tracelog\25-09-19-06_04_20_890_01010_SafetyRotorOv.csv,,B,
407,087#,\\Imzspc1065\故障数据汇总\01010_SC_安全链叶轮超速故障\S1-20220081\Tracelog\25-09-25-22_58_40_357_01010_SafetyRotorOv.csv,,A,
408,081#,\\Imzspc1065\故障数据汇总\01010_SC_安全链叶轮超速故障\S1-20220081\Tracelog\25-10-05-10_55_01_399_01010_SafetyRotorOv.csv,,B,
409,081#,\\Imzspc1065\故障数据汇总\01010_SC_安全链叶轮超速故障\S1-20220081\Tracelog\25-10-20-01_07_32_888_01010_SafetyRotorOv.csv,,B,
410,081#,\\Imzspc1065\故障数据汇总\01010_SC_安全链叶轮超速故障\S1-20220081\Tracelog\25-10-20-05_23_49_309_01010_SafetyRotorOv.csv,,B,
411,081#,\\Imzspc1065\故障数据汇总\01010_SC_安全链叶轮超速故障\S1-20220081\Tracelog\25-10-20-14_20_06_379_01010_SafetyRotorOv.csv,,B,
412,069#,\\Imzspc1065\故障数据汇总\01010_SC_安全链叶轮超速故障\S1-20220081\Tracelog\25-10-20-21_47_45_579_01010_SafetyRotorOv.csv,,A,
413,081#,\\Imzspc1065\故障数据汇总\01010_SC_安全链叶轮超速故障\S1-20220081\Tracelog\25-10-27-03_38_35_650_01010_SafetyRotorOv.csv,,B,
414,081#,\\Imzspc1065\故障数据汇总\01010_SC_安全链叶轮超速故障\S1-20220081\Tracelog\25-10-27-06_20_51_229_01010_SafetyRotorOv.csv,,B,
415,081#,\\Imzspc1065\故障数据汇总\01010_SC_安全链叶轮超速故障\S1-20220081\Tracelog\25-10-29-22_23_33_350_01010_SafetyRotorOv.csv,,B,
416,023#,\\Imzspc1065\故障数据汇总\01010_SC_安全链叶轮超速故障\S1-20220095\Tracelog\25-04-17-12_42_50_234_01010_SafetyRotorOv.csv,,C,
417,022#,\\Imzspc1065\故障数据汇总\01010_SC_安全链叶轮超速故障\S1-20220095\Tracelog\25-07-18-00_11_51_357_01010_SafetyRotorOv.csv,,C,
418,022#,\\Imzspc1065\故障数据汇总\01010_SC_安全链叶轮超速故障\S1-20220046\Tracelog\24-10-28-09_04_10_400_01010_SafetyRotorOv.csv,,B,
419,022#,\\Imzspc1065\故障数据汇总\01010_SC_安全链叶轮超速故障\S1-20220046\Tracelog\24-11-09-18_35_09_650_01010_SafetyRotorOv.csv,,B,
420,020#,\\Imzspc1065\故障数据汇总\01010_SC_安全链叶轮超速故障\S1-20220046\Tracelog\25-06-25-22_25_13_490_01010_SafetyRotorOv.csv,,B,
421,027#,\\Imzspc1065\故障数据汇总\01010_SC_安全链叶轮超速故障\S1-20220046\Tracelog\25-09-08-22_08_20_877_01010_SafetyRotorOv(S1-20220046 粤电阳江青洲一、二1000MW海上风电项目青洲一400_20250913004857).csv,,B,
422,027#,\\Imzspc1065\故障数据汇总\01010_SC_安全链叶轮超速故障\S1-20220046\Tracelog\25-09-08-22_08_20_877_01010_SafetyRotorOv(S1-20220046 粤电阳江青洲一、二1000MW海上风电项目青洲一400_20250914021956).csv,,B,
423,027#,\\Imzspc1065\故障数据汇总\01010_SC_安全链叶轮超速故障\S1-20220046\Tracelog\25-09-08-22_08_20_877_01010_SafetyRotorOv(S1-20220046 粤电阳江青洲一、二1000MW海上风电项目青洲一400_20250915025613).csv,,B,
424,027#,\\Imzspc1065\故障数据汇总\01010_SC_安全链叶轮超速故障\S1-20220046\Tracelog\25-09-08-22_08_20_877_01010_SafetyRotorOv(S1-20220046 粤电阳江青洲一、二1000MW海上风电项目青洲一400_20250916021844).csv,,B,
425,027#,\\Imzspc1065\故障数据汇总\01010_SC_安全链叶轮超速故障\S1-20220046\Tracelog\25-09-08-22_08_20_877_01010_SafetyRotorOv.csv,,B,
